Retrieving folder contents
Retrieving folder 1b1i5Ywx3qhq5GFFhbviZI4HjidhlwRCL  Automotive transmission oils
Retrieving folder 1VED8bexEYX17p0W4lH6P8NDHJos2H9mN 721407-AquaPower Transmission Oil 75W-90
Processing file 1zvd9wNw2zAR4u8AEyiVKYDyeXdwNvx7p 19 (1).jpg
Processing file 1tFCEuJmfw0ewTYK6-6kbbXy2VkuG1PVM 721407-AquaPower Transmission Oil 75W-90.pdf
Processing file 1ZAATNazL8hzz4NdaQz4F4CtCnvWoLOIA نسخة من نسخة من نسخة من  gallon gear oıl 1.jpg
Processing file 19U2KprD9gdSzTeiX7fC_vt2Iw9n_0Y5m نسخة من نسخة من نسخة من  gallon gear oıl.jpg
Processing file 10DpXs9zEjQKJh9ZUPiK75lpw5R2SBxgp نسخة من نسخة من نسخة من 19 (2).jpg
Processing file 1uzVdeqxZlLqic5RHu2TJM1M54_yLdN41 نسخة من نسخة من نسخة من Drum.png
Retrieving folder 1kcOZzUd6AzHymnYXjv4l7b58oPhQsfaM 735032- AHF 22 S
Processing file 1M4ExEgV-HPyo18oVSo5gekuYF3z9b5ih 19 (1).jpg
Processing file 1-tOcFnuxr2ckE4AtKlN9PbrhzbNWoZ8v 735032- AHF 22 S.pdf
Processing file 1FArjMHFwxHlQoxEb-h2uYUnneHplIQix نسخة من نسخة من نسخة من نسخة من  gallon gear oıl 1.jpg
Processing file 1spjKORcmbitsV4yqQifzeUGGMoAE5HRx نسخة من نسخة من نسخة من نسخة من  gallon gear oıl.jpg
Processing file 1UR-Fw6pf4d19QIhIt3MwzpymTFRCV-ru نسخة من نسخة من نسخة من نسخة من 19 (2).jpg
Processing file 198a_JA_4Unbh_L5bIKniMOGp4SNA-OF2 نسخة من نسخة من نسخة من نسخة من Drum.png
Retrieving folder 179DC8rYUTywWto4ZmNvf2EfClFoWR5Qf 742001-Transmission Oil GS 80W
Processing file 1poTyTs8o9EgnJwebIkBv7RJLW3py5cEJ 19 (1).jpg
Processing file 11duwERaXAlSGz5JLbL4klHCWpVQ5Me5w 742001-Transmission Oil GS 80W.pdf
Processing file 1hDghsTOcH5ZDUKGtDzZt1ZXm1xAT2IUo نسخة من نسخة من نسخة من  gallon gear oıl 1.jpg
Processing file 1oAiJw5-mMxKq_R5qEQJfWHHqQ0JPM36V نسخة من نسخة من نسخة من  gallon gear oıl.jpg
Processing file 1fJksIbQzipRxL6Y_enC_lgi_SKJ5nmoL نسخة من نسخة من نسخة من 19 (2).jpg
Processing file 1DCJtg88K1DrM_9glXpWPRPJcSLJzzTNm نسخة من نسخة من نسخة من Drum.png
Retrieving folder 1LTyukugOrssWUj0XKIE5CeOzWKDaDlSP 742002-Transmission Oil GS 85W-90
Processing file 1eitBGBkYQyKjPlxxMbdOzXTDtotVXTrp 19 (1).jpg
Processing file 1Rp_hsaK1OYe3Y9dI0cSNnAxD-hEfpO7O 742002-Transmission Oil GS 85W-90.pdf
Processing file 1OQeJj783fwQhla08vGfTSTcxx1B0f4bv نسخة من نسخة من نسخة من  gallon gear oıl 1.jpg
Processing file 1NBDUZ8hZ5TxXWE2uq90EVA5sJNhuBl8i نسخة من نسخة من نسخة من  gallon gear oıl.jpg
Processing file 10wvZFE7KRSp5Mlf_kn8w8tz1mYuP6G_1 نسخة من نسخة من نسخة من 19 (2).jpg
Processing file 1wbgRjVf2RuY6AvBjvNiMtKtjrbOP-uU5 نسخة من نسخة من نسخة من Drum.png
Retrieving folder 1ABtlBR5Xv3Ib7Hjc3MpUMZ2UzcCGA9nD 742006-Transmission oil GS 75 W 80 SL
Processing file 174vJvHvF9bkyem24q6grjqyNasuAtTK1 19 (1).jpg
Processing file 1uemlH1JQlWpX6S9f4caceVAo3K1XLUhT 742006-Transmission oil GS 75 W 80 SL.pdf
Processing file 1_WttRytvpW1Afp_ib_pSI6oLtE5wTK-k نسخة من نسخة من نسخة من  gallon gear oıl 1.jpg
Processing file 1JA9BjfaPV2Rs8d0DXtno610Hu05ttSXL نسخة من نسخة من نسخة من  gallon gear oıl.jpg
Processing file 1Jtkooe9O5F9dVxur2OfnuQXil08CRCug نسخة من نسخة من نسخة من 19 (2).jpg
Processing file 19gMUjzVLK8vZUUgVCi6-at-216dGYUu1 نسخة من نسخة من نسخة من Drum.png
Retrieving folder 1N94Od42U39Ay-Fd5QfjxoNe5if9eOG9A 742007-Transmission Oil GS 75W-90
Processing file 1oBHteRdVU00RS647Dtg48JFy2J8UKSfK 19 (1).jpg
Processing file 1QUrxx_MwktW8-oMz9QBqFlYIDONriS1G 742007-Transmission Oil GS 75W-90.pdf
Processing file 17OAVB3z-KZmuYqe1A8fko2E-S1Hn_-nR نسخة من نسخة من نسخة من  gallon gear oıl 1.jpg
Processing file 1hyA1RsDuPkcgCrvYDGtscvXRlhl2eajq نسخة من نسخة من نسخة من  gallon gear oıl.jpg
Processing file 1zCsv3u_UzkEFBboQV_EGXml6gWO0qTv7 نسخة من نسخة من نسخة من 19 (2).jpg
Processing file 17j04o5ueYznP4fy4EeBASf-zK-kewohb نسخة من نسخة من نسخة من Drum.png
Retrieving folder 1urnH7KbM76kX_mccgSKL-5sxjMl2nIo0 742009-Transmission Oil GS 80W-90
Processing file 1c4OJKdimszd4wo35QrxT_ugVh1MuYBeV 19 (1).jpg
Processing file 1VuEMp8TL6Qdj-zLyYT1oJ2vyhrM7Dm9c 742009-Transmission Oil GS 80W-90.pdf
Processing file 1bH7UPedGXpJbnlBYPZUdc3Gkbpqm8jCx نسخة من نسخة من نسخة من  gallon gear oıl 1.jpg
Processing file 13OjYDdiZlPjgpWqtUixARo6mL748_lkb نسخة من نسخة من نسخة من  gallon gear oıl.jpg
Processing file 1nXtUP_vn5-y0tx850Z01E9nrm7bQ61RC نسخة من نسخة من نسخة من 19 (2).jpg
Processing file 1aHgn2O3052cG26Off1rfyFj5jRu-8wOk نسخة من نسخة من نسخة من Drum.png
Retrieving folder 1tGppOm4GoCooQTfMtwhdr3yfwMxOD1p2 742010-Transmission Oil GS 85W-140
Processing file 1zbApUqWn5O4QLHgG908e8jQs2rVcW-xU 19 (1).jpg
Processing file 1YgNF6Qdio-eHgCJKi2HkhMesUS0adftl 742010-Transmission Oil GS 85W-140.pdf
Processing file 1vIn7zD2veDShvImjqKTX33jNYkJlcedg نسخة من نسخة من نسخة من  gallon gear oıl 1.jpg
Processing file 1mhLZKMm7CTo2EKxvXpGPXtI5Z7DktY4t نسخة من نسخة من نسخة من  gallon gear oıl.jpg
Processing file 1XrO6egX0Tdsl4vUM_DN08fhuJQRLRrxU نسخة من نسخة من نسخة من 19 (2).jpg
Processing file 19hPBflYyff7TdDEWs5BDtYhhy5mQ3Tym نسخة من نسخة من نسخة من Drum.png
Retrieving folder 1yt5Ut6q5ssoWLAxU9SEOYGRYTTWvW_J2 742020-Transmission oil GX 80 W 90
Processing file 1j-uXxXmnTqn5C2YloJo9flC3KOOoldEu 19 (1).jpg
Processing file 1UtrFJRCVyJJzLQZATAAQdqBtn0lbsRIA 742020-Transmission oil GX 80 W 90.pdf
Processing file 1TRKU8TPNwZollub5A5lKrA_XfuO15Czy نسخة من نسخة من نسخة من  gallon gear oıl 1.jpg
Processing file 12iK6IHoXnfB9qTGfDPIYaTht3bPN8bB5 نسخة من نسخة من نسخة من  gallon gear oıl.jpg
Processing file 1pY7MGUPvzTuZ7WCNwRaLznj18ns795Oc نسخة من نسخة من نسخة من 19 (2).jpg
Processing file 1WUfIwfe5jPMDTPQK9ujJpRUJjUR_rY9d نسخة من نسخة من نسخة من Drum.png
Retrieving folder 1bpGeNjFZr6pCLIP5e9VTV0OJwXZPV1I4 742021-Multi Transmission Fluid 75 W
Processing file 17YEku-yNWhX-ojC1krMb-TUQkj9UE5fO 17 (1).jpg
Processing file 1DtBTpVIYQIlqWOBxZcEB5qsGJOpRnoJx 742021-Multi Transmission Fluid 75 W.pdf
Processing file 1lDaXljKeFFg-5IaTFQ5STa9YPMNadlca نسخة من  gallon Transmission fluid_1.jpg
Processing file 1zSt3dEqrF_-Rrn8cesLfMS8e8q3gOjQ2 نسخة من  gallon+ Transmission fluid_.jpg
Processing file 1RHOu8ATSICToALIJHKnL_2ysC90DJWq9 نسخة من 17 (2).jpg
Processing file 1NeiVREpis02NMawj9H3gtioFPWyWiott نسخة من Drum5.png
Retrieving folder 1SbCV5Y8NIE4YzK9Y7v7kqEwa_w5HRiIz 742025-Multi Transmission Fluid 75W-80
Processing file 1ngYyz8amx8MsLY9JIvyVsacicL-4zgjR 17 (1).jpg
Processing file 1403uHON16ZUFWUPNQCoWWoN9xUzi2Q0v 742025-Multi Transmission Fluid 75W-80.pdf
Processing file 15FONX2Uq6b8Rs94r-4aJMvzo5FfTc9nh نسخة من  gallon Transmission fluid_1.jpg
Processing file 13XsFrzOcmX77quyY0TdZejre85AP8N0Q نسخة من  gallon+ Transmission fluid_.jpg
Processing file 1ofTa9xL6qA_avQ-LXpBrefqX8rmqg01E نسخة من 17 (2).jpg
Processing file 14hc_oLBzJSphcAz8BTqImXKQ-ggscPOy نسخة من Drum5.png
Retrieving folder 1qi2p9ELlw30dXICsQJMiZLXu_8hUt4QO 742026-Multi Transmission Fluid 75W-90
Processing file 1tQJMJUCu9dQcYNXwmGxo4-55anj3Nsit 17 (1).jpg
Processing file 1RJSOtLNSSchs4hTfDrx8HcxjkIBqeHxU 742026-Multi Transmission Fluid 75W-90.pdf
Processing file 131oI7LQnjW-WpUZsq02bR0z93_z4ReQN نسخة من  gallon Transmission fluid_1.jpg
Processing file 1shi4xuesd3dkehW6Npw3TzmvH4yyZbPY نسخة من  gallon+ Transmission fluid_.jpg
Processing file 10se7V0yJcHGk-wXLZs2J4-pbiaxHr_17 نسخة من 17 (2).jpg
Processing file 106Wo8NldAKhg0TF_ZUbqVxxdMqX52GN- نسخة من Drum5.png
Retrieving folder 1XTGe1FduCM4VvAE519eDkGbSrNxrGrJ- 742027-Multi Transmission Fluid 75W-85
Processing file 1-PhKGJUBV4yBS9GRQqfjJdHMwrTtoM3F  gallon Transmission fluid_1.jpg
Processing file 1fhTkaG0OhLjeHclmkCb6uLiBw9bQGNZG  gallon+ Transmission fluid_.jpg
Processing file 1uXIam0M2CddyAcer1EtmQKAjKjQBnm_U 17 (1).jpg
Processing file 1u1RlOUc-1yMbKE5GFaxfMB6NWHoFD1ry 17 (2).jpg
Processing file 1jaDMGI9eYTa2BMY_FPHRfujHL-vpzHq0 742027-Multi Transmission Fluid 75W-85.pdf
Processing file 1Qa__F1clKgAkHUU_KIcJryJf60UcLGGT Drum5.png
Retrieving folder 1NmODlX3kdCDX5cCAaoagzqOvUnlQ0Pcp 743002-Transmission Oil GH 85W-90
Processing file 1LBqVlhEg_VfjLs9dyux3Ux-8xGVNTvHy 19 (1).jpg
Processing file 1oCKJzXc9l4Sa2ep0s-d1CpJJ89ZPIeCJ 743002-Transmission Oil GH 85W-90.pdf
Processing file 17RRJD3frF-xVdDryppm-oFUSfVTL3oN3 نسخة من نسخة من  gallon gear oıl 1.jpg
Processing file 13EdDAmwfD_OiN_WonQKnhIvGMZeksS9i نسخة من نسخة من  gallon gear oıl.jpg
Processing file 1tXkj2SBmEaEjeJHmlDOyqAEnWuQMw1Jw نسخة من نسخة من 19 (2).jpg
Processing file 1khIzphH_r9aWrO9dYXbx9N0KpX5iUnLf نسخة من نسخة من Drum.png
Retrieving folder 1Nz_VtyLdVtW_YDrTFdLlfYQla5e9SyLi 743005-Transmission Oil GH 85W-90 LS
Processing file 1a2gnQ_nMBF1-BQ5szlFsf-Zi3_QeIGUc 19 (1).jpg
Processing file 1QVCG66rRf2uVfcRvqzp-glRtutBjA1Xa 743005-Transmission Oil GH 85W-90 LS.pdf
Processing file 1Gdxe0waL77A9Wpc_gF1GIjs0WLNoezk4 نسخة من نسخة من  gallon gear oıl 1.jpg
Processing file 1nTbaCW094HXFs3p_CWKM-oAboeDpKldU نسخة من نسخة من  gallon gear oıl.jpg
Processing file 1l1mgj7a2xE6SXQNsQsn4DWgynYKNcJjs نسخة من نسخة من 19 (2).jpg
Processing file 15zV1ilzYVyHOVtxvPKzWJWaC5jN2ZE8s نسخة من نسخة من Drum.png
Retrieving folder 10MVgmd-ORv_GcviHi6HZ46bZlG5Vs-i4 743006-Transmission Oil GH 75W-90
Processing file 1BTw46uzjowGZpGtM1BNrmXfTV8MjlSXS 19 (1).jpg
Processing file 1-r1kwRxVqLsS6j1RX5LPLtb-ZVpSQdRR 743006-Transmission Oil GH 75W-90.pdf
Processing file 1j7WbRK90ZI9QFeY9tb3XYRXvhKbSmowA نسخة من نسخة من  gallon gear oıl 1.jpg
Processing file 1UypEWHVLsEV-yDtS9L5QX5gUVwbHABTn نسخة من نسخة من  gallon gear oıl.jpg
Processing file 1ygju7CLDv-FKuQrcq3fQfDbefsHob8T2 نسخة من نسخة من 19 (2).jpg
Processing file 1bniaeyAtf3DScGG92jI3slyDh9Bwm2OO نسخة من نسخة من Drum.png
Retrieving folder 1H6AOOE-lymFxJrRwGsP1lH_btLMwXcHA 743007-Transmission Oil GH 80W-90
Processing file 1nFwUT41950q2cDYvBUFAdsvGmo0uTItP 19 (1).jpg
Processing file 12Rnw9L3dJ80cCiW4H2mGMkN_4nvhpygY 743007-Transmission Oil GH 80W-90.pdf
Processing file 1qOKIcvS8XKZZFk3MHkoX74WQG9ybhtFl نسخة من نسخة من  gallon gear oıl 1.jpg
Processing file 1fmmnDFbkY_J99Fjk2cZR05VyO-os5wyO نسخة من نسخة من  gallon gear oıl.jpg
Processing file 1so6GS9baafQIiDozARWeb4UcpFLGv-D4 نسخة من نسخة من 19 (2).jpg
Processing file 1_nO99guTZmtQjSXd_YewabXl3J0vO3d9 نسخة من نسخة من Drum.png
Retrieving folder 1tgBYEWOXj0Tr1XMf1U4XAnzZIPyT24K_ 743008-Transmission Oil GH 85W-140
Processing file 17sSgNsGFBi5cTwViAg10QiJdVf5TKRk- 19 (1).jpg
Processing file 17ao_bzuyIGfa5UHJSOTom_pMHxJeLz0j 743008-Transmission Oil GH 85W-140.pdf
Processing file 162D8saHpPgU1bNTNr09Bh8g-m22oTa-V نسخة من نسخة من  gallon gear oıl 1.jpg
Processing file 1IrIIWGPVQOazOGw47-Cpm38nI_YvPdUk نسخة من نسخة من  gallon gear oıl.jpg
Processing file 1KdHFPikW00dQiiFDNsh7RH-LE9O5PA7Y نسخة من نسخة من 19 (2).jpg
Processing file 1xG1O2sb7RBenmnnXEHHQrwxYipR1apLv نسخة من نسخة من Drum.png
Retrieving folder 1QbSfjtBQjsy4CqRLHIFNSSml5PaiaOXz 743009-Transmission Oil GH 80W-140
Processing file 1vZGgIXUJURcAFjGmtDsq11gctiFj4Pmp 19 (1).jpg
Processing file 1uCT7o6GbcVlyhTWDYNQfDmr-pZFhALUS 743009-Transmission Oil GH 80W-140.pdf
Processing file 1jwjDTCsJv6pu29a6sxIiP6qFNY9S2Z4P نسخة من نسخة من  gallon gear oıl 1.jpg
Processing file 1StleApYLKM-DYqBYV9_50Us6qfs3_UNg نسخة من نسخة من  gallon gear oıl.jpg
Processing file 1na1gozuLNlguS7mqIxsz7l7YMdA_VTlF نسخة من نسخة من 19 (2).jpg
Processing file 19T0p97MlH_AUN5CofHlV-iKRUDkJF1Rv نسخة من نسخة من Drum.png
Retrieving folder 1ltEmWs1IzqdbwnXUyoBWXE8fZWcj6Yw2 743010-Transmission Oil GH 80W-90 LS
Processing file 1fGYH5RSnoZi1Dum2i8teZJme5DYnn5xW 19 (1).jpg
Processing file 1zvyp3TD7K4g0yn-dwcTnrc6H8eTkOcmk 743010-Transmission Oil GH 80W-90 LS.pdf
Processing file 1DBsoBJIz2VDqtpXdbg56tNJL_J-dXRQj نسخة من نسخة من  gallon gear oıl 1.jpg
Processing file 1cF_98tjRoWsr7HRbufaAWMGc6filUCbG نسخة من نسخة من  gallon gear oıl.jpg
Processing file 1Kq7gj-nbYK_IzE5yhZ_QS9k7vngT6z5D نسخة من نسخة من 19 (2).jpg
Processing file 1Iqnm8mkXEmu63ju5412atl72ky122hCW نسخة من نسخة من Drum.png
Retrieving folder 1O-4crRb5PIi22iAFxKRMUSctwvF_XrzT 743013-Transmission Oil GH 75 W 90 SL
Processing file 14oKe3ZC9YUJmkI0wbyON0OdBDI6Vk1nG 19 (1).jpg
Processing file 1JnRjJZzHI60ddOC6_udMcN4T3p0aFxk1 743013-Transmission Oil GH 75 W 90 SL.pdf
Processing file 1dVOMxW-Ofv6NnNyNSXIRoqWwVVL5InHj نسخة من نسخة من  gallon gear oıl 1.jpg
Processing file 1H3E7SSLxbM80JrOsyhB88-p01YzDl87h نسخة من نسخة من  gallon gear oıl.jpg
Processing file 15mhsj6wXzXf3GHufOAEhsQC5BQMM-xyP نسخة من نسخة من 19 (2).jpg
Processing file 1v6MRvwfULW8LDMOo5Ono3Zpjx0nz47ut نسخة من نسخة من Drum.png
Retrieving folder 1WqDNDf8wKC71qa2qe_jI7IwfLTGetu1o 743019-Transmission Oil GH 75W-140
Processing file 1oYa3ip7C6BxOOJA7T1em9iXsCCL7nGit 19 (1).jpg
Processing file 1R4E80-0jOv3RQzK6lUnndXclFKRkbCcG 743019-Transmission Oil GH 75W-140.pdf
Processing file 1PU5JUxWf8LH29rgc-Cql6TH7dBhKd9Fp نسخة من  gallon gear oıl 1.jpg
Processing file 1ORZW8vj2s6F6LmscQxZ4mp-Bp0JUYyw9 نسخة من  gallon gear oıl.jpg
Processing file 1AcZZpls6flj0wg3VW0w2XvwOa-8jVqNw نسخة من 19 (2).jpg
Processing file 118Bpv2HxKlNUFoBv-RYaJ5yqVqxzgfKZ نسخة من Drum.png
Retrieving folder 1lvTQ00COdguLchBtN_QEEhmTVv-2LY_k 743105-Transmission oil GH 90 LS
Processing file 1kQUTfI7ggVQKzJoBJKkIHVVT-Q3sL9EI 19 (1).jpg
Processing file 1jXttGfKh2kUpzv8Rc9urR5ORhDWDvBju 743105-Transmission oil GH 90 LS.pdf
Processing file 18hjBGNpkzIGkqnHRUBQ_a6ku02xd1k4I نسخة من  gallon gear oıl 1.jpg
Processing file 1tOqK6UiQ5X5hhm0VK1MLQhF89ShkdWi_ نسخة من  gallon gear oıl.jpg
Processing file 17hyjbR3ZYkK-buKyXBxCkWIVyBUW_sWi نسخة من 19 (2).jpg
Processing file 169QGF88DeFGiZOnEZfHhJtBO8IrPcZKu نسخة من Drum.png
Retrieving folder 1edlatAdhs65vBTXxzkASj2n_don1ah8L 744102kl-Legends ATF
Processing file 1iI2Ds50qaCSXWPIN5H-YnFR-a1VSFVGD 19 (1).jpg
Processing file 1vX74V0lpvHWHI1-fLys91Zts5EhLHR6C 744102kl-Legends ATF.pdf
Processing file 1z-0RiBGKOKctpB-FLX6UgMgaR74hbde3 نسخة من  gallon gear oıl 1.jpg
Processing file 1gr_MSAySxB9NxV0wI4EDXRambjrao2xz نسخة من  gallon gear oıl.jpg
Processing file 1TiaP6XqC9sDSiIrfpLLMhrRTBH9ubxPR نسخة من 19 (2).jpg
Processing file 1Tq3vA433qZU21lDIIVuXiSW4mmxTY3aG نسخة من Drum.png
Retrieving folder 18z1kH2142KZZ1uGF2IprJauHzP2R-XKB 745001kl-Legends GL 80W
Processing file 17eLGKcIF-9lZONrOAYSz4_FDJbRzYhFQ 19 (1).jpg
Processing file 1gKTnWlOxepv4Dm2Gg0LIiXwgkZ4FCgkC 745001kl-Legends GL 80W.pdf
Processing file 1nagkDpWADVUa7LgNKb-I_lQWX0LiNWu0 نسخة من  gallon gear oıl 1.jpg
Processing file 1bwYOdQCiN5nZZIRsNMp3OMvIe5l55Ak7 نسخة من  gallon gear oıl.jpg
Processing file 10r_RNQQTUtQQla4-vOuq6yuSxo1GrP-9 نسخة من 19 (2).jpg
Processing file 1FoL5x2BEJZVfBhh_zf54fVWRCUAWpcED نسخة من Drum.png
Retrieving folder 1APtr8C0WbN7mHLqkNxwIDQaPSs7D5wGO 745002kl-Legends GL 90
Processing file 1rDikGEV-BLK7J6j4cTaq1KrD4CQXPVyu 19 (1).jpg
Processing file 14041I-CiKlYI3ULuJo9vM87cUxKPWcX6 745002kl-Legends GL 90.pdf
Processing file 11d5HNIjayIblx05ToMGbyjdizJNfMBiC نسخة من  gallon gear oıl 1.jpg
Processing file 1qj186GYZNg2jwWjfXUcU76Blg3SMSOTk نسخة من  gallon gear oıl.jpg
Processing file 1zdU-bwRm_MWosWDR7hZdu6M4P_N4J6xL نسخة من 19 (2).jpg
Processing file 1I0RFN5yWIxnxWchTzhA4ahMJTtRrqCYt نسخة من Drum.png
Retrieving folder 1H-IUs0wWK5NooRDVpU_owebWUVf47wNl 745003kl-Legends GL 140
Processing file 1ZMdD5Y6Kx5aRQYDFIpN_eJGEQoCexrwO 19 (1).jpg
Processing file 1bRp3cmjxLa5huywljG5MqixkS0rp7QpT 745003kl-Legends GL 140.pdf
Processing file 1REzjq46JLwZd91Jky48w5N-TdvTemZ9b نسخة من  gallon gear oıl 1.jpg
Processing file 1qPhgLJPXpdSmzEzft48mUCEOUDDAoOVc نسخة من  gallon gear oıl.jpg
Processing file 1RL5BD1bOJMzHD2RjsCYEwDTRlgH2M9_H نسخة من 19 (2).jpg
Processing file 12cVdn5tm88GkxW1xBlokdp3DHqyOJVgl نسخة من Drum.png
Retrieving folder 17QrLTJlpIuAR8vH_hsevpUAmRVPu3fcI 751006kl-Legends GL 250
Processing file 1x2qAoFIAhshe_0cBY6EOhwKUIN7adZI9 19 (1).jpg
Processing file 14UrJRMU0-iza_Fng4ePMLFT4gmp1Skyu 751006kl-Legends GL 250.pdf
Processing file 1L-pmN7PEQIi0ZPoWMP4Dc9dQbgzCGJXA نسخة من  gallon gear oıl 1.jpg
Processing file 17C4fizM1GLMEpuJVc5PPlD6c8pU1g-ZG نسخة من  gallon gear oıl.jpg
Processing file 1UZk9Q9bgnCkXk-YVMQ5SEfELCgs-kg5i نسخة من 19 (2).jpg
Processing file 1KB883XUvThijvdHPiGQ8ohef-zAg6LBM نسخة من Drum.png
Retrieving folder 1zLy_M2DmZYgUhCweDZRmVREF4RuWqRWn 759001-Hydrodynamic Transmission Oil SGL 18
Processing file 1rFVgpFtGONUirDel_qlORrfhTf5yb19F 19 (1).jpg
Processing file 16Z4PHPv4hnD-OX8jYU3i3lrVxcbAfmlF 759001-Hydrodynamic Transmission Oil SGL 18.pdf
Processing file 1dQL05Mkz3vYv0xevd7dJLhmAGtr9SDiM نسخة من  gallon gear oıl 1.jpg
Processing file 1eloGfXxnhi9OBJ-5mAnnO6MxBFuWBMXP نسخة من  gallon gear oıl.jpg
Processing file 1bV8Mtdga9z3DTngsexDJinuKgv8RDvno نسخة من 19 (2).jpg
Processing file 1R0gBly2mDBNXzAZ-vLFs7ysOsGLS8dXe نسخة من Drum.png
Retrieving folder 1BdmU_hA0dIkZlrdh7K7KpDor-l4lqxrF 759005-Hydrodynamic Transmission Oil SGL 18 S
Processing file 11KsxIoOPK7XSzbESRYTWj7X1S1_FOTq2  gallon gear oıl 1.jpg
Processing file 1qYGvmJeuBfttImQ3EbKT1C3hkrH-SoZz  gallon gear oıl.jpg
Processing file 1S5rS9mweKSNkWkIwJv1ToQ9SRLlyqpIN 19 (1).jpg
Processing file 1021ibhwCABT0kz-3lGg5RhhMmH0bNOTM 19 (2).jpg
Processing file 1BnR93SFSRd7_nWKMvCozG4w8_HkaQpIi 759005-Hydrodynamic Transmission Oil SGL 18 S.pdf
Processing file 1V94TFXUEE7AFsICHVY8zwl5yhSe1sYh5 Drum.png
Retrieving folder 1Kui8naFzkHQg17CPmVEdss4agW9CyClu  Engine oils – 2-stroke engines and 4-stroke motorbikes
Retrieving folder 1hkGl82RFm_mTyz3YiwJs3TN-pWg_E2tf 720984-Semi Synth 1040
Processing file 1aIAzH98-59wIy2ShsucVJ3vOi9rfxTKV 720984-Semi Synth 1040.pdf
Retrieving folder 1GNwo-llY0-oVjv79wbdGv6BRaYhl5aPj 723136-Super Racing 5W-50
Processing file 1oLNqK0htIztk16xoMS6r6HHkuj9j2A1i 723136-Super Racing 5W-50.pdf
Retrieving folder 1CcL1op_t1DOAGQOXRdHG5D9nWZzxnkBV 723137-Super Racing 10W-60
Processing file 1Z3mog1lusxXkRgZIi_gQWOtrTMSTg87E 723137-Super Racing 10W-60.pdf
Retrieving folder 1EAHl9NI68qiK_bjpH5266fntS2KHcKQF 724003-Super Mix MZ 405
Processing file 1l1bcouvipOSjIHG2onGnzjIDDoB2rahX 724003-Super Mix MZ 405.pdf
Retrieving folder 1l1M89zSw6Xv69OU5eqIxXb7AqHKvIxoa 724003kl-Legends 2T MZ 405
Processing file 1mOWYfQVglqqE8kLLaBTF13Mftl1KiHVj 724003kl-Legends 2T MZ 405.pdf
Retrieving folder 1QZxyp8ZQbDHeG7jZppRAjbR3-jE4fLh- 724006-Super Synth 2T MZ 408
Processing file 12KeO_RIcSdydvrLebHt-GhpVIN6PyL4y 724006-Super Synth 2T MZ 408.pdf
Retrieving folder 1Mpy006DzcJi5g2b0v2YsxC7IeiYC4I5r 724009-Super 2T MZ 406
Processing file 1IwyVjNEEe7Nb31dk3nGgSN4mZiv50DpT 724009-Super 2T MZ 406.pdf
Retrieving folder 18fDT6bFD_BZFJ_UDLsOPhdwRFXE-On7p 724033-Pole Position SAE 5W-40
Processing file 1LngN5UETUNQfcFxypctlibP1hW8XZABt 724033-Pole Position SAE 5W-40.pdf
Retrieving folder 12yH6uIFftqmbEzQbzSgFfWcbAiRLyW4A 724035-Pole Position SAE 10W-40
Processing file 1Czt_YvX35u1Sv6tBG-Qw1Z-2Spab3Zm- 724035-Pole Position SAE 10W-40.pdf
Retrieving folder 12q90cISjiPpDJelSRtW53zrVfvY2FFNj 724036-Pole Position High Speed 2T
Processing file 1tYxY3u-NrV_fFEan41n0FIN8x9U6RLds 724036-Pole Position High Speed 2T.pdf
Retrieving folder 1Ma6bfYfjrTNpEbKSUhsO9JDZ5HAUs870 724037-Pole Position SAE 10W-50
Processing file 1p4g76Km-ByxyUkWpTNOIZ1JwCQ-iVJ40 724037-Pole Position SAE 10W-50.pdf
Retrieving folder 1w7Mb1n0KD0844f9_K6YQeW_S3DA6NoSd 724043-Pole Position SAE 20W-50
Processing file 1oINZpYCGY1w9NhCnq6vYM8u6R-DXe0ET 724043-Pole Position SAE 20W-50.pdf
Retrieving folder 1N5lDYIRLyxerDK3G7Eg-ShDS5bL8HNrj  Engine oils – Commercial vehicles, stationary plants 
Retrieving folder 1It3QfVZ9yR_inqoTdl95Wa5O36GZnmtg 722005-Ultra Truck MD 0538
Processing file 1435ZkVrLQlX7lHqyUrly7wPL8UiBwCgz 722005-Ultra Truck MD 0538.pdf
Retrieving folder 1-dX5ldCW7qpKZldc0qoiwljOzS8zg1Wd 722007-Turbo Diesel MD 105
Processing file 1Hjaw1YskL1L89IWWBVcIZzhO2zQ4bG_x 722007-Turbo Diesel MD 105.pdf
Retrieving folder 1KdpVsan8sQfs7nlR1PTbhCD31XB-R1sL 722008-Turbo Diesel MD 205
Processing file 1vowfxwQwBo5g_aj8C1L2gNcivL6cPFrO 722008-Turbo Diesel MD 205.pdf
Retrieving folder 1rR2wvEY4nMsrzl2x17VJAnDgTC7MPjBb 722009-Turbo Diesel MD 305
Processing file 1lRov1uvTR1N9q8krtS4DaDPxO6UExtss 722009-Turbo Diesel MD 305.pdf
Retrieving folder 1WrLN0uKsFNd3GTOcYJoKAEGxuHfmConq 722010-Turbo Diesel MD 405
Processing file 182ZN47QwW2qi1wqqUIiQot3WyCkGUVFC 722010-Turbo Diesel MD 405.pdf
Retrieving folder 14tEqOdZrNzswRLdK8yKzeAPHnP37SXW1 722014-Diesel MD 304
Processing file 1V95sdyH-IDJldsq3r9jnBzuJpRj30shO 722014-Diesel MD 304.pdf
Retrieving folder 1WTFG3SaWSWbCRcnmb4dUmrJ0vVNLwYte 722024-Turbo Diesel MD 505
Processing file 17yvNwgHkv4zJFHHjJ9gmIjmz0x8oFYsk 722024-Turbo Diesel MD 505.pdf
Retrieving folder 1gbSh03sX7mbQFgOZH08JiEdLbma1JwiQ 722039-Diesel Longlife MD 2058
Processing file 1zij4sryNALyldSEwUo_R8tsFItgyO9AA 722039-Diesel Longlife MD 2058.pdf
Retrieving folder 1XAHosqh5xvzGbAInrZ9NpvkxdvBBD-Ni 722043-Commercial 1040 E4
Processing file 1RLm3vVW8rvS2ZuEezjs6kl2nEegLk7JA 722043-Commercial 1040 E4.pdf
Retrieving folder 1D16WAg56n9jL8MQf6crGhgyCSQ9rJ3fP 722045-Commercial 1030 E7
Processing file 1ZroYCIbKj9oF1fY8LXbItagscBUw4Pf8 722045-Commercial 1030 E7.pdf
Retrieving folder 1bDWFIfalSMQjyBrrL83rtlTnOvoQ-Xdj 722046-Commercial 0540 E7
Processing file 1gfY5mLcy4LMQC3F0qrgq1zlnT4kCsQY9 722046-Commercial 0540 E7.pdf
Retrieving folder 1CANNDKgK2PjvaV0DLa4AdTLYqGkLjpCm 722048-Commercial 0530 E6
Processing file 1QIPl5JZASHlQGd0s7lhVZur9MCBlLHIf 722048-Commercial 0530 E6.pdf
Retrieving folder 1q1BO-WZMq3X7FlW_Jo5Um78sCJML7U15 722049-Commercial 020
Processing file 1kjH_70rWEBbE8dO9z5rwJx5cceODgujL 722049-Commercial 020.pdf
Retrieving folder 16jUooR0VyQSBYV1Y_PYQmbyR40Z1izjL 722071-Turbo Diesel MD 407
Processing file 1Bd8gaLIXholcCmaAsBP0fxRo0PFkIx21 722071-Turbo Diesel MD 407.pdf
Retrieving folder 18fuUyAHrAFlwksw0HIwkRCT3i21SOqXt 722073-Diesel Longlife MD 2058 M
Processing file 1mvto7C9-eEm_c6F8wxPlZ7gc13fSlfeu 722073-Diesel Longlife MD 2058 M.pdf
Retrieving folder 147NpPPLYBx0CM3PaSKiPYDrdMZ1neJ6Z 722074-Diesel Longlife MD 1548 M
Processing file 1sX6Oq2JfFYe19BTYmQuhrCee4dIsPDTh 722074-Diesel Longlife MD 1548 M.pdf
Retrieving folder 10455vHBbndWCRvs-_RLyPlAxh8Z7CmRZ 722091-Multi Fluid SAE 30
Processing file 1uWI5-I5nM26V0kAPUfy3WwPKcHAr0odo 722091-Multi Fluid SAE 30.pdf
Retrieving folder 1Dy3Vw8aSopIhFqu90jweElwK1oy_CS1O 722110-Diesel Longlife MD 1548
Processing file 1rhioN8QoxEDxPAmkHG4acQkQY3dYja0n 722110-Diesel Longlife MD 1548.pdf
Retrieving folder 1rDrKY4bpi1-4T0Qk6uRTSD-HFIHKkpaA 722120-Super Longlife MD 1047
Processing file 1fZBQJYnbirWA2_xxvS_MfcqEbglGdBg- 722120-Super Longlife MD 1047.pdf
Retrieving folder 1qagf7__nO-bgvhWneWo7cUPRZzplODM9 722151-Professional 0530 FA-4
Processing file 1OE11NKFoo6hJyhvFuB5sWBzUyKX0vC4k 722151-Professional 0530 FA-4.pdf
Retrieving folder 1G3i33XphKqXS28y7mo1NUDK7KJ7kRq01 722152-Professional 0520
Processing file 1aujm51TJ4Ap-HzrGwvn6S4UBl53MpnYb 722152-Professional 0520.pdf
Retrieving folder 1QmueVRJFenJ4F_BVyfFZfNJG5hvI0plx 722162-Eco Cargo 1040 LE
Processing file 1RUPg9gBqd6knTrCgoBTyJpsI1yrtCyFT 722162-Eco Cargo 1040 LE.pdf
Retrieving folder 16AnfjEXm3tlH-18xJ0fW5tp4dmMeL8B7 722163-Eco Cargo 1540
Processing file 1hmAV2xrCL0ESP6F591l8VzDopjuXOjCi 722163-Eco Cargo 1540.pdf
Retrieving folder 1WB-AA8OROgtJQkAi4spije7L5LNXthLz 722180-Super Truck MD 1049
Processing file 1BGmit-IF-KkUgNIKh2zEvrz_JNXiIX-Y 722180-Super Truck MD 1049.pdf
Retrieving folder 1_U_5YzsptA5lWdk35HmwGTiJIJpVTYZ6 722192-Professional 1030 CK-4
Processing file 1g3uYZLuV7JWTReM5u7mvsW1S_ORQj_ip 722192-Professional 1030 CK-4.pdf
Retrieving folder 18_ok33V5XvCbxgoPkLjNpn61PUrp2USU 722196-Professional 0530 E8
Processing file 16Wq0Q6y1ZLNDN88TmlhidWHlqyQ_uqJc 722196-Professional 0530 E8.pdf
Retrieving folder 1D-f2uVmUYO0kIjusjA6Vw-PTPA7Wv1PS 722198-Professional 1040 E8/E11
Processing file 17ZjHx8fqYRr6zcvto8q9UEVNQl5eTl6W 722198-Professional 1040 E8-E11.pdf
Retrieving folder 1rSzl2mXPoO_3V1nbqRGdQxxLRGYTeY1H 722199-Professional 1540 E8/E11
Processing file 1meh8GZWJfeFeMy4AB-JhvQvqspWDb_kT 722199-Professional 1540 E8-E11.pdf
Retrieving folder 1ffusSETTcLVUNb_SEK0nzYns9-aHOUM4  Engines operated with gas
Retrieving folder 1VreiFS-52nMF0ScuDD80aSneNMQWevvg 720986-Giga Light MV 0530 LL
Processing file 1nHS__1UKFJfM8Tz6_aMv1IUhS0WeTdS9 720986-Giga Light MV 0530 LL.pdf
Retrieving folder 1vVrq5lcOWYcNaGwoEhnHyA7ZO_Z3PloW 725009-Gas Engine Oil MG 1040
Processing file 1pUrVeaEedbzIpW6P37M95jqKziKhbamM 725009-Gas Engine Oil MG 1040.pdf
Retrieving folder 1a5Ftu5_eE5c40dlMUGj-hw5ZrTq-qWfU Anti-corrosion oils
Retrieving folder 1cM991YZBkmNKkpSJbe2fDgOd0cV6VxgQ 741028-Addicor 220
Processing file 1W8VRfuIQUMz43kr5nBlhN2YRy9hrcB73 741028-Addicor 220.pdf
Retrieving folder 1DEHYE3qcOafworPSGGMC41ThtNpRnAFN 741039-Addicor 320
Processing file 1kX2FbEhUR2nabPGFV_4_MVQUeqhURk6d 741039-Addicor 320.pdf
Retrieving folder 1hH3FyxV55-A7bkwJ3YvJ366r136FuWKU 773002-KO 6-F
Processing file 10WbKE_MhWkH-7j3E2oYqcDu_ab2pZ_6j 773002-KO 6-F.pdf
Retrieving folder 1OfjfN6JbEBbFbJU_y7yYQVNil_AyUYlp 773009-KO 7 C
Processing file 1gUQd1PzCL_yWF9zKQ8jAMKQaAHIxsWGp 773009-KO 7 C.pdf
Retrieving folder 1BBv7afoFhkcZGX_p4BH5NVfukHhbGqhX 773010-KO 32 C
Processing file 19FF-vaBA4JRjRFWIYtZ_oXVuKMhRmJwX 773010-KO 32 C.pdf
Retrieving folder 1xqsAw2M0vG-RtsDv_3Fndcxr9TVYAs8V 773016-Creep Oil
Processing file 1EeooaIBAbZoHv8Wz8oOUslqBwhZRXugG 773016-Creep Oil.pdf
Retrieving folder 1gWQexMzJgtFhGBln2qT0LlUiknXQR41e 77701007-Weapon Oil W 18
Processing file 1MolHQ4WIM1LnM1QpRcr26rt5USUVdypH 77701007-Weapon Oil W 18.pdf
Retrieving folder 1ZNg8_aisJJW_9zRkhqTi00a6fni-DXhH Automatic transmission  fluids
Retrieving folder 1xWqvhDMiKXAuR8PFBURAaqHzgj_qS80Q 744018-ATF DCT
Processing file 1B6uUtGw7ds23S2vzLK7D1koIgl-mP7_u 744018-ATF DCT.pdf
Retrieving folder 1_sV7QwZD8A-oOVzftbTWz5nIRBmI4ppN 744019-ATF CVT yellow
Processing file 1IDHsJ5nuHaqy09yhBX8Brilu_x5-8HiX 744019-ATF CVT yellow.pdf
Retrieving folder 1gp0M7jTJoHkapfMWm5QgJ9Vcs7vFc4UV 744020-ATF CVT
Processing file 1Y4C7hu8wL03rdlvMXJtKNoxsd5fghilf 744020-ATF CVT.pdf
Retrieving folder 1fUnlW7n5X1yIKccEpq14lLQwLCAyP1qr 744100-ATF XN HD
Processing file 1tn98AZdDVIObt_VuIjGq0b26O8LMmR_o 744100-ATF XN HD.pdf
Retrieving folder 1QqpssJW5dgJVSUk-D34KZkIHj0xjmS-J 744102-ATF XN 2
Processing file 1TWbizMF9sKhuMsnUcN_cTSFb4m5LfBAW 744102-ATF XN 2.pdf
Retrieving folder 163XGpBHvaLPAkY_qIJp9mpVH_N39FiZj 744103-ATF XN 3
Processing file 1QTUehweBF-aVajB59dsbljvHlHESV4Bt 744103-ATF XN 3.pdf
Retrieving folder 1LL6VNxEBNIVGe_YC-YkFDTZmhuqLOrOJ 744105-     ATF XN 5
Processing file 1TpGKopT2dYSwY9BRhKS3K72uMNpGYTjs 744105-     ATF XN 5.pdf
Retrieving folder 1Viyj9rllvHerFsLUkDzeJY3dJP_-bysg 744106-ATF XN 6
Processing file 1rM1s8COM6v_dgXvfpmSeDs-ZUs9yKUoB 744106-ATF XN 6.pdf
Retrieving folder 1aU_lqdc2Njq73HX-SJp7oGQNiy6eR9Sm 744107-ATF XN 7
Processing file 1hZ9HrWUzbDdjyHROqGv3lnkb_ZV0iFpz 744107-ATF XN 7.pdf
Retrieving folder 1zK9tFXVJx-Tdjaf8x1mOM8HJnWr42p5U 744108-ATF XN 8
Processing file 1I2NG9IaLOWq84itPBPSjs2c7_1Ek8BVp 744108-ATF XN 8.pdf
Retrieving folder 1hITCj53SbCnik9ImQo6ZggLl5WLBgHQe 744109-ATF XN 9
Processing file 1p_jseuwa0-LGDlqgaj3BY-VODR73p4aV 744109-ATF XN 9.pdf
Retrieving folder 1Y7RpEwSApA2qdoYMA7WIY3C80y5O2-55 Automotive function  fluids
Retrieving folder 1lgwzHvzGKq2MpNwUqAUA-1rdcDmDeqw2 716000-Cold Cleaning Fluid M
Processing file 1qbLcOHkKAX1w_mhn-vI7Mupp2tNwLiiG 716000-Cold Cleaning Fluid M.pdf
Retrieving folder 1KvdwZokeIcZ-4U6eOjViKCF8elf_VZbl 720101-Flushing Oil Super
Processing file 1qeEzWpF_aIkbT23tJMTV1UoQ1kJzbDhK 720101-Flushing Oil Super.pdf
Retrieving folder 1cWe3z_s7ORxrKqiIkqeXHzREkaMhZuYS 796006-Antifreeze
Processing file 1SSJxpJBPrC2egK2LehCA9GCSLayISo9Z 796006-Antifreeze.pdf
Retrieving folder 1BFFZIxXcPj8SG16S4EGOR2qzhSHQTBm0 796008-Antifreeze Extra
Processing file 13iqmwGgeJdFpvzdAwrp1jiaNt3aRal8F 796008-Antifreeze Extra.pdf
Retrieving folder 1rVjd0eJvMMZtFQz2ckASj1F8vN1_4vNi 796019-Protect Extra
Processing file 1BTV3eqLdhJ3G9rDbxCJmJ9WRs4bcRRjl 796019-Protect Extra.pdf
Retrieving folder 13UzD9XTfk7h07mHAh4KgMeJJfJOb0nkR 796025-Antifreeze Extra 4060
Processing file 1yJNovrNGeVifvxSsDROD63XFqGsUBDRm 796025-Antifreeze Extra 4060.pdf
Retrieving folder 1MP0WboRRVjAWVheMDJxmiXVwbuRrVzgG 796027-Brake Fluid DOT 4
Processing file 1_t8WMf0bD5tNIu1DPBayD-6zYYUOjRbK 796027-Brake Fluid DOT 4.pdf
Retrieving folder 1Ovv1JRmSxDA-peR9v42vTg9Rng8zDIH9 796028-Antifreeze CHB
Processing file 1vSf62zqAJvaBa1pLhIALeTfdduzU423- 796028-Antifreeze CHB.pdf
Retrieving folder 1CXBapG-wUEfyC4o_WqVEPJ1Cb58V1j8F 796030-Screen Wash -60 °C
Processing file 1oiS67QeEQsHUwtB3m3DZf3jXAR2jT2rw 796030-Screen Wash -60 °C.pdf
Retrieving folder 1GfAoQYwzQ4fPdYUWqOY9RqAhAw0LpH6q Bearing, machine and circulating oils
Retrieving folder 1Xt6yGJMS7TxrkZBmnAniWCZlFymqUTz9 741016-Lube Oil CL 220
Processing file 1_aT4Z9FWwi1F6MHf3I7GJCY_7YNZ1AOK 741016-Lube Oil CL 220.pdf
Retrieving folder 1kcpSpE_h1T0uMQlMeTM3VMfB-PbOpdqj 741017-Lube Oil CL 68
Processing file 1yaZHQn8-35TJEo3tS1UvkN5W9DEwb9MB 741017-Lube Oil CL 68.pdf
Retrieving folder 1Dwx0qT57JPkphutAShvqu7_eo6BtuuCt 741019-Lube Oil CL 150
Processing file 1lyZgVpuWz28XJA6r8nHMjNa67wUz0TJ_ 741019-Lube Oil CL 150.pdf
Retrieving folder 1JdPboNVRI98BNeSto-hQLUfMKp8ycHXs 741020-Lube Oil CL 32
Processing file 1TlltR6-w_8rjYJ46p-qAx5FOyd4xItBW 741020-Lube Oil CL 32.pdf
Retrieving folder 1z77UicjqAWde_b9cEtejAsHlRxMVYspA 741021-Lube Oil CL 10
Processing file 1TyMCj0cb99TC4sJzVKc4wcCg_-1K5HyJ 741021-Lube Oil CL 10.pdf
Retrieving folder 1FDDfNtzr-TzkN5PnmdFp1PZvlWApa1ov 741023-Lube Oil CL 46
Processing file 1sIp0k9k8WFLoDjUUVMY0x-9g09fRf2BZ 741023-Lube Oil CL 46.pdf
Retrieving folder 1Nbm20Pe-EypPfu0SFf7RgsXPGrVb9oXB 741046-Lube Oil C 100
Processing file 1sblhWUJit2jbnM-MFOpw0Co0qUmf04Vx 741046-Lube Oil C 100.pdf
Retrieving folder 1HeJBKqSnXw7r9Ga0jhWBkhg0_Nm90K5B 741047-Lube Oil C 150
Processing file 1sdgFuY7LtkS459CValLvFCPzmfZFV_0J 741047-Lube Oil C 150.pdf
Retrieving folder 1LE9zfZMPcEH3IWYKtdDbWhePcZLKJegC 741048-Lube Oil C 220
Processing file 1RKJYbRKw9nWvMYg7M08X5nOpx2Iih_VM 741048-Lube Oil C 220.pdf
Retrieving folder 1iJUgr675AEHtSn0bp8TEJ42gBvTZ_6ho 750002-Lube Oil D 75
Processing file 1F1kQKcC6O9zEUIJqujKKonD8Ve3MzfI_ 750002-Lube Oil D 75.pdf
Retrieving folder 19XQQeR1ckgNHXR-53kkCXiImRag04uo2 750003-Lube Oil D 120 (L-AN 150)
Processing file 1MiRcoKVuaIgyswXYvnAii8Bh0LjxaySf 750003-Lube Oil D 120 (L-AN 150).pdf
Retrieving folder 1JtgFZkgAneaJZNefsKatk1F8abCS8ocd 750005-Lube Oil D 150
Processing file 1bUmtOINTUBxkTf1Jk41JXAYEoqESG59B 750005-Lube Oil D 150.pdf
Retrieving folder 1AhzMuon0O4eNWiWYpFDzZJH6k8vUmpEv 753002-Lube Oil R 15
Processing file 1S9-hn5ASYgYu26MurX4auCrnjuooPQO6 753002-Lube Oil R 15.pdf
Retrieving folder 1RbvpPobuBj3vkGJJtEipN4MxXMitxtcZ 753007-Lube Oil R 100
Processing file 16OY7_H1Pclh3A8ZyaCAq0tEvFIH9BX4f 753007-Lube Oil R 100.pdf
Retrieving folder 1IB7w2n1rG6w2xeo4eWQlE83Mk0APzCm- 753015-Lube Oil R 22
Processing file 1TaZXEfVvFtpdoizn3ddG86zdgVC-ILwt 753015-Lube Oil R 22.pdf
Retrieving folder 1prO6pa90eTQ8KQyZen2PyDAm3zp7NRtK 765002-Lube Oil RL 5
Processing file 1yfXKf5VLzckRtoAK2ta8zEeQ0Get86vv 765002-Lube Oil RL 5.pdf
Retrieving folder 1ri4JvTrBJ14QidIhiOYU3X1qlRR_7wtG 765003-Lube Oil RL 10
Processing file 1T4D71kB5-4Ju0SGhO8tIHb31LSjEC3c1 765003-Lube Oil RL 10.pdf
Retrieving folder 1pNu4Hgb2y6xbRpxgm-0xzy-h-8_betPA 765004-Lube Oil RL 3
Processing file 11dbslzsgbqlmcU0zou5SeoQlchg2cA9g 765004-Lube Oil RL 3.pdf
Retrieving folder 1ZI1954bH2-iBBV4t8WtS28WDirIHOHCM Chain lubricants
Retrieving folder 1xgMTAJCIRUTUQJ3ChFc-IQYPH7J7gazj 717060-Chain Adhesive Spray
Processing file 1Vzm3okWL_LXjtAIefww990vWqCIWAfpo 717060-Chain Adhesive Spray.pdf
Processing file 13Fv0wvMUzc4Sho_gYT0wv5003IgCAz3D 766010-Special Oil XH 220 A.pdf
Retrieving folder 1qI07KWhP7DiwI9-buDxR8P5kzrTzQXcF 736050-FoodProof XHF 15 S
Processing file 1wwqlehTWpAg3kMizQ_nGryQambvfs_78 736050-FoodProof XHF 15 S.pdf
Retrieving folder 1F8YVQjpEsZeXRvsDeK4dQVNcCU71NICq 736051-FoodProof XHF 32 S
Processing file 1j0UEQCb_sZbHMKTYiTVKDhcL1xYXHH4L 736051-FoodProof XHF 32 S.pdf
Retrieving folder 1yJZeMogXfpM5Qv6Xk8vs4ITZImqKaj5Y 736052-FoodProof XHF 150 S
Processing file 1bWgVF8cHzVgBHZMqRyhsOp4nTe53gZOY 736052-FoodProof XHF 150 S.pdf
Retrieving folder 138ZLvCod0LH1Wg_8aZpkI0nCTPonBwV3 736053-FoodProof XHF 220 S
Processing file 1ULEc4wnn1NTSACpS34Ije9X6A__LUtd8 736053-FoodProof XHF 220 S.pdf
Retrieving folder 1rhvjgYj96h6-I7MZcqLPhpoy2p8KG1vt 736054- FoodProof XHF 320 S
Processing file 1wdTeFLf5GRvfW7CP0st75tXREM3RN6lM 736054- FoodProof XHF 320 S.pdf
Retrieving folder 1voTAJG96Tk21QAkSLbgcs-jltyw0y0mx 736055-FoodProof XHF 460 S
Processing file 1L9bfPJs0q0xIIu-v64mFTQPL5Jzgx7mi 736055-FoodProof XHF 460 S.pdf
Retrieving folder 1OuPw7RtHXlob3YTXGpKT9_VNZ0eOpmZX 736056-FoodProof XHF 680 S
Processing file 1ghJzKu13qD4gCqlXqWO6CWynyZXsevKB 736056-FoodProof XHF 680 S.pdf
Retrieving folder 1jgFkib2jcjADzqGVWJ0g5bJQyHkqEHpv 736058-FoodProof XHF 320 HT
Processing file 1crKD8pK7IbjOmPIXU6DAE4oPDUYhlXho 736058-FoodProof XHF 320 HT.pdf
Retrieving folder 1E5UKCHABlL-TVUJEFFln4s5VpeRU1PEH 736059-FoodProof XHF 460 HT
Processing file 1WW420oAbDD63PVCvw6w6yefCRvu2hWZo 736059-FoodProof XHF 460 HT.pdf
Retrieving folder 1px9bMSq5gRZgYmE6zmqhf2MWIZ4kjB_y 763004-Adhesive Oil 100
Processing file 1ax-TMaqPj3Og5B2bByVPm2Q0JXyt0JJM 763004-Adhesive Oil 100.pdf
Retrieving folder 1giSdCI3j7SUs1yOvxLZx6PyaZhYrVPNb 763007-Adhesive Oil 220
Processing file 183S5rRAv5HA5KrRggO2HztLRkBA4SwW1 763007-Adhesive Oil 220.pdf
Retrieving folder 1v2oOKsB-NyWTDIBNg3SKol6pxN1Ew97- 763008-Adhesive Oil 320
Processing file 14vpw0deiCRzwE13tXLwQSS6z7oTbTqb0 763008-Adhesive Oil 320.pdf
Retrieving folder 1bdgI1coaAluKcfpINarHnvwyYTvzoCDm 763009-Adhesive Oil 32
Processing file 1ui988DuIf9qsbPwpSK8ZZc8js4tsCrvV 763009-Adhesive Oil 32.pdf
Retrieving folder 1RM9SuS8X7XLFXHNZveOpKQ2lrNtTEFTc 763012-Adhesive Oil 460
Processing file 12mZCBjf8W829PrDdR0yvREKnyGnGtKQU 763012-Adhesive Oil 460.pdf
Retrieving folder 1XkEILmyaAxrMh6Zyr1bXNGGIl1KrY8hF 766004-Cliptec XHS 485 FG
Processing file 1M80RBJMPIEzAvhHdYiVrQZblPi05k9zO 766004-Cliptec XHS 485 FG.pdf
Retrieving folder 1ekFtSDNzETi_y2_d69LgwBdWIC3c5gz_ 766006-Cliptec XHS 285 FG
Processing file 1hD7rVYuOvWlS2lms-s3dcjw0j3gBOHst 766006-Cliptec XHS 285 FG.pdf
Retrieving folder 1G7kZSf4klI_SPb9h7JMLp3id-QDyXD2J 766008-Stenter Oil 220
Processing file 1lOzCMd-abuif_CNHANY15kafjIlNX7_C 766008-Stenter Oil 220.pdf
Retrieving folder 1vUid4rgQlQTYsup46lwpZ3WMxCrOjIsN 766010-Special Oil XH 220 A
Processing file 1R4mZqB2lUWuEb590YWH04j_T9s5bjWzm 766010-Special Oil XH 220 A.pdf
Retrieving folder 1oYT0-bcOpv2NIc0bXz4YJc25k4CFcDyh 766015-Panel Lube XH 215
Processing file 1WGzu4D1-hQZ9AatheDJllYmykslS6Ze7 766015-Panel Lube XH 215.pdf
Retrieving folder 1tQyScfHE84tuZe8I6jR87z2pOSjzsyBC 766016-Chain System Cleaner HT
Processing file 1-lEAIpDPniRF36oCrDOtSL562GnZFD2- 766016-Chain System Cleaner HT.pdf
Retrieving folder 1uQdOgvm8zO-vH25mQOeLtJw7IK2klO-R 766019-Chain System Cleaner FG
Processing file 12L7wn_8KrA1VAGEn7hI3jQLuQNUHTj1w 766019-Chain System Cleaner FG.pdf
Retrieving folder 1qRD9b96q2EzWJjp0HkWqtZlDQSddMGoW 766021-Chain Lube XHT 50
Processing file 1qu0vnJDaxCwrrOIxqEjLoKCQvFrA8hqS 766021-Chain Lube XHT 50.pdf
Retrieving folder 1VhmGfwrUNvUdcrK6wXLFY7wZ7cueFVik 766023-Chain Lube XHT 150
Processing file 11F_6MrMSJT29Qn-QJvqyhAHqIFtt68iX 766023-Chain Lube XHT 150.pdf
Retrieving folder 1JAcJx18GNl-HBGCeuhg70zvFbzXjJ0lt 766025-Chain Lube XHT 250
Processing file 1EvKkUfjIFv5KzeBcnPm4ruWPBKgt6nJQ 766025-Chain Lube XHT 250.pdf
Retrieving folder 1UqAmg9-u9UK8LtZCiQQWeB5ifoZTOfqa 766029-Cliptec XHS 150 HT
Processing file 1OjxYuwGiuAhQgsumsVV9xgqABnc5DfqV 766029-Cliptec XHS 150 HT.pdf
Retrieving folder 1YbYBpiLQJKxCka1V2MuOqy9Q6bX9C8ax 766030-Cliptec XHS 280
Processing file 12A4u9LO6ISOl_XP6uXx19Y9_dqe_Lfca 766030-Cliptec XHS 280.pdf
Retrieving folder 1qYmEkys_ZKhMoIL-zg8pLpePYM_RDADW 766034-Belt Lube HT 220
Processing file 13BiSPS4twMdWcyqMH_RGbuxzbWCSkqHY 766034-Belt Lube HT 220.pdf
Retrieving folder 1maSt8xORVX7VCPOj8popHHGD-slrlHEE 766039-Weave Oil
Processing file 1jLafDunKjusAYOTWrJE2fYEQHETRo8QK 766039-Weave Oil.pdf
Retrieving folder 1v0W_zHthFsj4uwoVHMmBHTw48SOBokpT 766040-Glass Lube XHG 220
Processing file 103nLRYwaPbOToMkzkieF94B3i-Lj6fAo 766040-Glass Lube XHG 220.pdf
Retrieving folder 1ElDkBJ_pZcsdJ-HJUkWHYqAGaSZQAgIP 766045-Belt Lube HT 100
Processing file 1WRuzE_nc4ksl0HxxQEzKQ66nUNObXTUM 766045-Belt Lube HT 100.pdf
Retrieving folder 1JC4XvIZYr0ZybZm-xIyVkvjjWQb3EBmK 766046-Cliptec-Rollprotect XHS 240
Processing file 1M4uumWHLoIpEkaUaUXU4_bDnLxYwBIyM 766046-Cliptec-Rollprotect XHS 240.pdf
Retrieving folder 1xmDk3Qo9SgMOn1goWTFaWx2VJXJ7GaEb 766047-Cliptec XHS 480
Processing file 10icrVag_HazNLxPDIZtQ510EYteCB4C9 766047-Cliptec XHS 480.pdf
Retrieving folder 1E3Ne8HPJQE_eFiB4p1fX1UIOpDs9rLF9 766048-Belt Lube HT 260
Processing file 1f7Vh_2hungbfzdCh-HyLDq8XTvaA8Af6 766048-Belt Lube HT 260.pdf
Retrieving folder 1tOVl8rTwQrhVNSJAVRlbaWJgPLgpsYsm 766071-Roller Track Lube 150
Processing file 1YU8_DBqiAblQWAlM1wqCLtJUiUO30pJB 766071-Roller Track Lube 150.pdf
Retrieving folder 1KUhC-RTC4kiqyvQUgdwS1j8WI8bublWx 766100-Pin Lube HT 100
Processing file 1-X90xIsDnxpDpahFpZPXq_SQDxbdsX8F 766100-Pin Lube HT 100.pdf
Retrieving folder 1-ulpUEBXJnhgOFxCaX1N4V98tz8Q03pX 767000-Bio Chain Saw Adhesive Oil 68
Processing file 1ZWWNyY_11eEOky6noraS49uBgs_jA02P 767000-Bio Chain Saw Adhesive Oil 68.pdf
Retrieving folder 1FxODoCDR05Ia3e0WBfyCUpFbq4OKsWcW 767003-NatureProof Chain Saw Adhesive Oil  220
Processing file 1JL30uYMq-OhRkhWiBngEaZI_HeJ_O7Uz 767003-NatureProof Chain Saw Adhesive Oil  220.pdf
Retrieving folder 1sQrzQn0SnALZ4J9Y_QZyz5WGiEpSRVlq 767021- Plantfluid
Processing file 10E6VfLwBazNkZ87OUupiOuuFL2XzvEla 767021- Plantfluid.pdf
Retrieving folder 1kADc7i26EDn2KWWolxFDS1KbteH0R1ea 76602854-chain-lube-xht-3000-gb-enpdf
Processing file 1bEOPo_h19NdNGK1nKkxPl0a_hSe-QQ1q 76602854-Chain Lube XHT 3000.pdf
Retrieving folder 17hK2KnYdaktsXYfKsc7KUnd0m12PikL4 Compressor oils
Retrieving folder 1JfZz4P2VUISLGzK272BIgbhMdzW5UysA 736040-FoodProof VDL 32 S
Processing file 1r-3uer_-_5Dr5xouAtLd3Nr4etJisKB4 736040-FoodProof VDL 32 S.pdf
Retrieving folder 1-4yIvYwno777hgAHPZ6piTd75Be7gV2S 736041-FoodProof VDL 46 S
Processing file 1W-9eJqn2qTftSl36qZglm6i62n35PVGb 736041-FoodProof VDL 46 S.pdf
Retrieving folder 1O1WiAISRv0-vQt4HZTSTF9cPqq5kj6jK 736042-FoodProof VDL 68 S
Processing file 1ZRgzmwCLSyO-LA4B08fPpPwmlo2cFoY0 736042-FoodProof VDL 68 S.pdf
Retrieving folder 1auagMoGylznfqrQ9_tLLQ2tA3hrzCXo- 736043-FoodProof VDL 100 S
Processing file 12gPRIJMbT8Rn7EjWRcLYLOiGbgqRs4Xe 736043-FoodProof VDL 100 S.pdf
Retrieving folder 1mug1eTovK5BKQTcLe4dryxclgTzHLJU2 736044-FoodProof VDL 150 S
Processing file 1-wQviQsH1DKS0nCtEDvWpSLFis1PiJpo 736044-FoodProof VDL 150 S.pdf
Retrieving folder 1GM3zOEEAEnAFwOBmOp7FUcYIjWtId7yW 754001-Compressor Oil V 150
Processing file 1Mx4zXEMeiFAOel14zDSvxTh4E8TAVNju 754001-Compressor Oil V 150.pdf
Retrieving folder 1kuxUQUMuUlqRHn5GmgR33jAVbFvnu2N_ 754002-Compressor Oil V 220
Processing file 1SsY2fgnv82Iq6Ed_-qh965dJhoo99Xvr 754002-Compressor Oil V 220.pdf
Retrieving folder 1IlHcSbKAr1xWJGbcy_159LptM8KWMxzn 754004-Compressor Oil VL 320
Processing file 1941I5P6LuDlQdV_DR3uEHAd2hvnwN_2x 754004-Compressor Oil VL 320.pdf
Retrieving folder 1mFpP391lm0zKtdqgp5qdoD9sVxG_s-Pc 754006-Compressor Oil VL 150
Processing file 1i6BbY0Ecs1a6LrVPHfr2XfWi_VZO52wZ 754006-Compressor Oil VL 150.pdf
Retrieving folder 1GbtMvUxVZG71meSdDUte5p3bgDw__PG- 754010-Compressor Oil VDL 46
Processing file 1P_D7PcQjLcEfJT3V7SSB-MxdmQDirGcC 754010-Compressor Oil VDL 46.pdf
Retrieving folder 13kv1Do3IDFZphUnR7-gC5Z8NA-vORPb2 754011-Compressor Oil VDL 68
Processing file 1jCpJmVVMluKnpm5ut91HEFYQMEShLt-a 754011-Compressor Oil VDL 68.pdf
Retrieving folder 1NqoIT8xc8VPuNRQ1oez0MzMZVEJIGQiN 754012-Compressor Oil VDL 100
Processing file 1fSE-9O4goor0sn2cH4toHAgTWAZqkg8g 754012-Compressor Oil VDL 100.pdf
Retrieving folder 1-bGX0TMCS1mTaDiNAkTBJv0fdWKSyiwU 754013-Compressor Oil VDL 150
Processing file 1JBxpGHuMEZKsyK4eu5GVFh_HgtxMme8u 754013-Compressor Oil VDL 150.pdf
Retrieving folder 1YPFGXTjOAdi4CeY85zCvymm2mEUQ0QZw 754015-Compressor Oil V 100
Processing file 1lDv5qGK4B9qUxrqgC72TMNyFTXy_ze1H 754015-Compressor Oil V 100.pdf
Retrieving folder 1iBPLzdoKHssgo_L0ipi9BNubgF8Q0JsW 754020-Compressor Oil VDL 32 S
Processing file 1HX2tqK8a1sPtdkO3oYUnE2heX4MjYmfS 754020-Compressor Oil VDL 32 S.pdf
Retrieving folder 1sePynSQrjSKX0na69ltD5i-gNvtmBMhn 754021-Compressor Oil VDL 46 S
Processing file 1rdcEES4rM2wJrM-PTSOefIwQC_v3r1zm 754021-Compressor Oil VDL 46 S.pdf
Retrieving folder 16ddTsHmImzRoDCPrG2fQuS6xkTRFZ27F 754022-Compressor Oil VDL 68 S
Processing file 1M_nJaVBaSLxZdsmNfYrRcXmq_hNnz2K6 754022-Compressor Oil VDL 68 S.pdf
Retrieving folder 1qnoYYB27j54X-wExt45vEmKh1dFmrWgM 754024-Compressor Oil RNG 68
Processing file 1WTVNOZ-j8GLX2O5DsO0mDyMbsbARI-3t 754024-Compressor Oil RNG 68.pdf
Retrieving folder 14K7Rkk_ByvRuNRrKcg1SpEs3s-KSUN2x 754025-Compressor Oil VDL 100 S
Processing file 1vNWyOi0sN1Th0la4txXpL0mfHqMZ6zsJ 754025-Compressor Oil VDL 100 S.pdf
Retrieving folder 1OF2RL4MQZdGLdCfgm6xA4_YGcrT00oJq 754030-Milking Machine Oil
Processing file 1clPtbL_TLTjsLeoxjcmEvE2LcoOh97HH 754030-Milking Machine Oil.pdf
Retrieving folder 1nk-VL6mMpYfY0gG_5huuE6iboCEmQ4xY Engine oils – Passenger cars
Retrieving folder 1UcnRqINTrnB0dBnBl3v2wrR1fiLZSQvO 720001kl-Legends M 30
Processing file 1ZS4H62dIdQX0wGzi9KfRBZIWo2CgfY7v 12 (1).jpg
Processing file 1dDgJFfQpf7wuTVwzzhUPr3FSf2-F5oRO 720001kl-Legends M 30.pdf
Processing file 1ziSo7NKbH0_s5mS8xUkqQFHqo52svlS5 نسخة من نسخة من   gallon+  Sticker engine oil Grey_.jpg
Processing file 19Q11jVRolQykC5RRV5jFSYg6LWXPuwuP نسخة من نسخة من  gallon engine oil Grey_1.jpg
Processing file 1eJ7_luPHPgbsXsnSp7GA35q439aX9CWQ نسخة من نسخة من 12 (1).jpg
Processing file 1Q8kbUaS4ovbXJlzX_ekycFrQ-dAJqHJB نسخة من نسخة من Drum4.png
Retrieving folder 1u0nwKeVEV4n8lz_Jq13HRgctUAnodBxI 720966-Premium 020 C6
Processing file 1FpCu5YObej6U9QCwZwJX3knMnqaEV4rX ١٢١٢١٢.jpg
Processing file 1WBBw1w4jWQtGY-r46Rf2fdo44xgklu7D 720966-Premium 020 C6.pdf
Processing file 1NAh_-ueyinKhKg-xdbWi82KKL92YCvII نسخة من نسخة من نسخة من نسخة من نسخة من   gallon+ engine oıl_.jpg
Processing file 1wwiQLqRcBbLuJ31uIHkTv0VGeEHrrC4W نسخة من نسخة من نسخة من نسخة من نسخة من ١٢١٢١٢.jpg
Processing file 1HcEPtaugzeKeQVBbY7lRkUf-yPtMH8SB نسخة من نسخة من نسخة من نسخة من نسخة من Drum2.png
Processing file 1EWTOuzbRXw73Y0JqNtKdZclvE4BLuPQP نسخة من نسخة من نسخة من نسخة من نسخة من gallon engine oil black_.jpg
Retrieving folder 1zCQZnvldjUXFVOCW2Mj03Hto2eT_loBj 720967- Superior 020 P
Processing file 1rmIjIEX3KnokeF0BWNodMea1vMJRKHxF ١٢١٢١٢.jpg
Processing file 1tH8d6Ddtnhm3K8PzyYs6Egn7KgWdeAfp 720967- Superior 020 P.pdf
Processing file 1VmWx29RppDqU6NjBUsQpqRjtDkg67wJq نسخة من نسخة من نسخة من نسخة من نسخة من   gallon+ engine oıl_.jpg
Processing file 19C-iS4p4C2HL-FDwXe6iwBt_pE9Qnxic نسخة من نسخة من نسخة من نسخة من نسخة من ١٢١٢١٢.jpg
Processing file 16W6_ONZXoSB_Vk3QvwKu5mUL03RcmKYW نسخة من نسخة من نسخة من نسخة من نسخة من Drum2.png
Processing file 1ibFWTa5GWFzvNqnazoE8FTmTdAjJ-dCX نسخة من نسخة من نسخة من نسخة من نسخة من gallon engine oil black_.jpg
Retrieving folder 15bjlTG5k_MON9zLLEEgBmw2NKhecRKPO 720969-Giga Light 030
Processing file 1iyYiMBXgbRHH4Qgp-SV1B4Z_NZIYep1o ١٢١٢١٢.jpg
Processing file 1Px78SeIugus2ur2CxzvJKHTiM_kEFHD2 720969-Giga Light 030.pdf
Processing file 1wAyp1Tbgw8A7WobpwJF8LkFdr39__2Oj نسخة من نسخة من نسخة من نسخة من نسخة من   gallon+ engine oıl_.jpg
Processing file 15ueLtVCL_UBiCy_ih8H3axr0Rc7oQytl نسخة من نسخة من نسخة من نسخة من نسخة من ١٢١٢١٢.jpg
Processing file 1LYANBDpVvPiJ1IZSABkFVk0o97Y5_5Xt نسخة من نسخة من نسخة من نسخة من نسخة من Drum2.png
Processing file 1zEX5pqdkTPOXAdODfRZ0ve1jsiHaSrvf نسخة من نسخة من نسخة من نسخة من نسخة من gallon engine oil black_.jpg
Retrieving folder 1sIXG5XthLNSQ3_UFl6FOYhmtXPOpCE0H 720970-Economic 016
Processing file 11RgGYO3RsNYpD4STn_j7D7yQIVLOLtzL ١٢١٢١٢.jpg
Processing file 1ng78V1Rg3hTm7FMs5clLdJGd4VfvOrML 720970-Economic 016.pdf
Processing file 1-uNgZ7wMjT27PA_uzqsf0hGQ64piTS-P نسخة من نسخة من نسخة من نسخة من نسخة من   gallon+ engine oıl_.jpg
Processing file 1YH9UJSigbAnPAFEBcWzueQAk81CgM1z_ نسخة من نسخة من نسخة من نسخة من نسخة من ١٢١٢١٢.jpg
Processing file 1b4GOek8pvUPXt7fkjb5OXjCfPeKvB2su نسخة من نسخة من نسخة من نسخة من نسخة من Drum2.png
Processing file 1-UIwg7pUh8VLuoRSyz1K11kmJN89XwQs نسخة من نسخة من نسخة من نسخة من نسخة من gallon engine oil black_.jpg
Retrieving folder 1oUQ92Uidet_WJaF5GKVzxI-Mn910f2tU 720972-Premium 020 FE
Processing file 1o421tc0zXzRriDshujEPfQCe22g6N1pg ١٢١٢١٢.jpg
Processing file 17aSDOawvtncb1qFjpphJuPEw1vJIqcGz 720972-Premium 020 FE.pdf
Processing file 1ec1nLZeNUu5w6vWV4yIy08r5hqxppbe9 نسخة من نسخة من نسخة من نسخة من نسخة من   gallon+ engine oıl_.jpg
Processing file 1pkyL-SiFBi-rfLJoR6zC7fA1DB_yfYA2 نسخة من نسخة من نسخة من نسخة من نسخة من ١٢١٢١٢.jpg
Processing file 19IcfdzxMtU5YiMrXKrfl_29V3xLByuYY نسخة من نسخة من نسخة من نسخة من نسخة من Drum2.png
Processing file 1cJwO_up8pREdjfggO07cJvdF2jEHRx17 نسخة من نسخة من نسخة من نسخة من نسخة من gallon engine oil black_.jpg
Retrieving folder 1api0klCfqEsfFVh8jNd0g5iVZNMk59Ci 720973- Premium 0520 FD
Processing file 1B6KbgqoYwKf3649XqVnI9cyQFWdSv0-D ١٢١٢١٢.jpg
Processing file 1vNA586xGHAlLL_VYxSNZHbztaahZar4w 720973- Premium 0520 FD.pdf
Processing file 1WSMo3ccRHaB8Z2-_AkG6PHgZ6C-xWcK4 نسخة من نسخة من نسخة من نسخة من نسخة من   gallon+ engine oıl_.jpg
Processing file 19ZieOqMON4FvG-DwxP95Sl-GN3hapTKR نسخة من نسخة من نسخة من نسخة من نسخة من ١٢١٢١٢.jpg
Processing file 185P7HnqG1cP0mABOyEJgtJYGrYc6Ncwe نسخة من نسخة من نسخة من نسخة من نسخة من Drum2.png
Processing file 1t6eK1KAq5o5bmkTHlHGEfNDQBDfKb6Ca نسخة من نسخة من نسخة من نسخة من نسخة من gallon engine oil black_.jpg
Retrieving folder 1w0iZ9eP02bSmvxguS1oeRbtE1s_QlbpO 720974- Premium 030 C2
Processing file 12HCu9xaacdJtSIbNTwNdJ8XheIVy6tYq ١٢١٢١٢.jpg
Processing file 1xFaXuazuG68CIyLw3YaEuXLsO98vm1C8 720974- Premium 030 C2.pdf
Processing file 1h2yo6HZ_RLHyz6rFcP_YMS5oCVl9wZVt نسخة من نسخة من نسخة من نسخة من نسخة من   gallon+ engine oıl_.jpeg
Processing file 1LvKvZtp5y-an-rXjMVa2w_eKKaEM5bxJ نسخة من نسخة من نسخة من نسخة من نسخة من ١٢١٢١٢.jpeg
Processing file 1H0Og857amx0ssTpGGZMVPQFP8zAemMMw نسخة من نسخة من نسخة من نسخة من نسخة من Drum2.png
Processing file 1Q4ksODQ7GPFXDCqgbxu49I-LT3MzDg5c نسخة من نسخة من نسخة من نسخة من نسخة من gallon engine oil black_.jpeg
Retrieving folder 1JGz07ptb-8NSj30baeY7H4oDoPLZAOmm 720975-  Economic 020
Processing file 1bIkcmsxx84tsYkIKRwbXSH0rrm6j98hQ ١٢١٢١٢.jpg
Processing file 1SK0ZSDMpd3qc38YqvYjOeJLskgyPGdm0 720975-  Economic 020.pdf
Processing file 1no9Z8mYaf46mhtD2LmLD-yJMJIfE2kqO نسخة من نسخة من نسخة من نسخة من نسخة من   gallon+ engine oıl_.jpg
Processing file 1b4-2onIJ1WYAdzE9ZgPnl5w1uDU6dK2P نسخة من نسخة من نسخة من نسخة من نسخة من ١٢١٢١٢.jpg
Processing file 1wvGTK8J5E-b3UCELSGTrgu_4DsRXp8KK نسخة من نسخة من نسخة من نسخة من نسخة من Drum2.png
Processing file 1XQjipa_Q1pO_2-Lr3LYFbWfRmS44nm8_ نسخة من نسخة من نسخة من نسخة من نسخة من gallon engine oil black_.jpg
Retrieving folder 1WizPYHZWB3R9q7amSSoq3PdiXVrUth6w 720976- Economic 0520
Processing file 1CKzsQVn5wowjUqTqCitZoTO1wUQeNsNC ١٢١٢١٢.jpg
Processing file 1dANqReJMUC7TRBYxe3jvbCz9zKfJbOt3 720976- Economic 0520.pdf
Processing file 1UHCsVfDv6kCIW9idan3a6x6Wqxq9JvDS نسخة من نسخة من نسخة من نسخة من نسخة من   gallon+ engine oıl_.jpg
Processing file 1GjFZEKpBVa0hp_lSCmz2n6kAYNXwaYFX نسخة من نسخة من نسخة من نسخة من نسخة من ١٢١٢١٢.jpg
Processing file 1zGclbeRUzR7uSztVLNeTUatvtt4OSOqr نسخة من نسخة من نسخة من نسخة من نسخة من Drum2.png
Processing file 1zKo0AgCJ_yZ_qHNJrMEfkz-M3gBM1FaQ نسخة من نسخة من نسخة من نسخة من نسخة من gallon engine oil black_.jpg
Retrieving folder 1yl0KdANyRFkFXueAHT8lyuqLhZe1_L0X 720977- Super Light 0540
Processing file 1hdoMEBpjCo-DmBD9F3AgtyfyipOvYk48 ١٢١٢١٢.jpg
Processing file 1qfZRCS6NegOSuoecPYb4VoLXybH6X1yY 720977- Super Light 0540.pdf
Processing file 1f4BZZFE9HVGTWwoFSgtooa519dqNfD27 نسخة من نسخة من نسخة من نسخة من نسخة من   gallon+ engine oıl_.jpg
Processing file 16CQEc4Z6esTEonynIGQ4gM2P6w32nJUV نسخة من نسخة من نسخة من نسخة من نسخة من ١٢١٢١٢.jpg
Processing file 11XdQCy6EOxH5G1cB74LLzKu77wMbpgY_ نسخة من نسخة من نسخة من نسخة من نسخة من Drum2.png
Processing file 1Unbm4FyW2Jod1CC05cfrPkE-ysc7V7Ek نسخة من نسخة من نسخة من نسخة من نسخة من gallon engine oil black_.jpg
Retrieving folder 1J1PQhrPMu2laxXVj8j7tXPfNmP_lCUvn 720978-Superior 030
Processing file 1DH3uT5gvK95P5Bbwt6QCzeyDDMbZDKfa ١٢١٢١٢.jpg
Processing file 1lMspQhzuHSKQ0KjnkvVOjDTZskhLSZcQ 720978-Superior 030.pdf
Processing file 1_9fkqol9rUOfFAXIkoRMoacgimAywPkN نسخة من نسخة من نسخة من نسخة من نسخة من   gallon+ engine oıl_.jpg
Processing file 1nZQrKi0xJE27n1KLFO1Jpm8frxhae_4J نسخة من نسخة من نسخة من نسخة من نسخة من ١٢١٢١٢.jpg
Processing file 1cPuXgZ41sPK07pPh8PLzxConZqy-uYrD نسخة من نسخة من نسخة من نسخة من نسخة من Drum2.png
Processing file 13jcMAQUZ6lCsEJH894MDLkGoymnhAoGj نسخة من نسخة من نسخة من نسخة من نسخة من gallon engine oil black_.jpg
Retrieving folder 1DcW-WB9T0MEX5lR3DFNMRzeYX6KB-UTy 720979-Superior 040
Processing file 16JUf58xyHJDPRKUaT88NeBT7hXCLE4u7 ١٢١٢١٢.jpg
Processing file 1I1ZfCuaKnnxCYpqUSyUHX3iiXXxpFxJY 720979-Superior 040.pdf
Processing file 1hZGyThISOPpIbIVhYwAJ6250jlU2V-Jj نسخة من نسخة من نسخة من نسخة من نسخة من   gallon+ engine oıl_.jpg
Processing file 19Km3_slWLaml-pLxixUtq8JrttBQ9T1h نسخة من نسخة من نسخة من نسخة من نسخة من ١٢١٢١٢.jpg
Processing file 1YBj9IQQW0vSRtLj3N0v6kDsDgiRNJcTe نسخة من نسخة من نسخة من نسخة من نسخة من Drum2.png
Processing file 1XF0KYfbtgJmGkHA_NKQMVb_ynwbnXYTf نسخة من نسخة من نسخة من نسخة من نسخة من gallon engine oil black_.jpg
Retrieving folder 1iNKIlQFcijA_BSlJ9OoMLMkrsMXr-TkW 720980- Premium 0540C3
Processing file 1Ozlq6STsBRLHrKfPjna1LMMflfjAPppi ١٢١٢١٢.jpg
Processing file 1XjkEunI42NdQjFQYzind5nj8wDK7oMeD 720980- Premium 0540C3.pdf
Processing file 17FO7X4zsDL5r_2JREbPOrG9vFhq3824J نسخة من نسخة من نسخة من نسخة من نسخة من   gallon+ engine oıl_.jpg
Processing file 1UQ2GDObh4G7k7g4ioXi2k_tI55Iirp4E نسخة من نسخة من نسخة من نسخة من نسخة من ١٢١٢١٢.jpg
Processing file 1LT3PpXxvquemNoRNNBMXr0QlkU__W8F_ نسخة من نسخة من نسخة من نسخة من نسخة من Drum2.png
Processing file 1bKUN8uX2jKqImTjssgxqIw2unrhreKYn نسخة من نسخة من نسخة من نسخة من نسخة من gallon engine oil black_.jpg
Retrieving folder 1AXaITuGk60WkPJ3dcM9IEnEAcZvjpw3o 720984-Semi Synth 1040
Processing file 1OL8dxYRPS5iadyeKjDLa1JP7Xwq7wsda ١٢١٢١٢.jpg
Processing file 1KfEhu4NcAKI8IB2k15PD3IKdg03YfqTo 720984-Semi Synth 1040.pdf
Processing file 1fZq7D-jOnkrL1kUbGUfR9rd3QjaCM2Wf نسخة من نسخة من نسخة من نسخة من نسخة من   gallon+ engine oıl_.jpg
Processing file 1EBnrcmrjLdoaAAwW_AoJVBuDiDfv4Gvk نسخة من نسخة من نسخة من نسخة من نسخة من ١٢١٢١٢.jpg
Processing file 1Xj6vysmJhRH8YveM07lajwinuHpxl6jZ نسخة من نسخة من نسخة من نسخة من نسخة من Drum2.png
Processing file 1q60-itS17P85qiVX67CKXKqZa3rX-FnX نسخة من نسخة من نسخة من نسخة من نسخة من gallon engine oil black_.jpg
Retrieving folder 1JjDGKdMtdwQ20P-HQNTnMzMsLVuoF2ci 720986-Giga Light MV 0530 LL
Processing file 18HrsuiPyeThxidFErVT_9YKxmMExZrPu ١٢١٢١٢.jpg
Processing file 1PMtyGG9jeRWFG-OKDnhPHgrWJoWAaeHn 720986-Giga Light MV 0530 LL.pdf
Processing file 1uLZIm06PReoecolyxkK9ARhXlWw2A5Tx نسخة من نسخة من نسخة من نسخة من نسخة من   gallon+ engine oıl_.jpg
Processing file 1wTtHfp91xa8j7q1K5kcykyDhsQh_1ZXM نسخة من نسخة من نسخة من نسخة من نسخة من ١٢١٢١٢.jpg
Processing file 1xLxFQXQinQhrrXSJmcZx_OGOZIqDTcHg نسخة من نسخة من نسخة من نسخة من نسخة من Drum2.png
Processing file 10x4TBw5AS7ljS_vikkffLgu-kV_KWkRT نسخة من نسخة من نسخة من نسخة من نسخة من gallon engine oil black_.jpg
Retrieving folder 1S7nUCCOr_42lnqrSGx9705fZPquWs6nn 720992-Super Power MV 0537
Processing file 1UK8sstmD1K7xqvdexUT6MmSuACLdo_7- ١٢١٢١٢.jpg
Processing file 1LlAcsx2l69XW2ujgDfT1_HtlgOA-Sh7L 720992-Super Power MV 0537.pdf
Processing file 1QQphgEgzNS4Top1PsQ5VF1STG9V4ztEw نسخة من نسخة من نسخة من نسخة من نسخة من   gallon+ engine oıl_.jpg
Processing file 1CcwWQxb98Ut8VuW9jbfMqfq0xzuy82-a نسخة من نسخة من نسخة من نسخة من نسخة من ١٢١٢١٢.jpg
Processing file 16BV2CLNcHyXHEF90xyux0bqMJ3CeeLi8 نسخة من نسخة من نسخة من نسخة من نسخة من Drum2.png
Processing file 1F635bTgw8LFNmuM15e3_DxzK2M1QKtC6 نسخة من نسخة من نسخة من نسخة من نسخة من gallon engine oil black_.jpg
Retrieving folder 1amFESwf_aRvmadz8YSA4n_x0MSuK2L_G 721022-Lawn-mower oil MV 304
Processing file 1fqtmgCQK3hVMhpP-ScMm41ZK1GdniTOn 12 (1).jpg
Processing file 1uSVOOxZ3FkoZJokZSf_CbPRMEzDmzinw 721022-Lawn-mower oil MV 304.pdf
Processing file 1-xRdxkPUOOgPd-p5Z6YYk6ab-cD9IsMT نسخة من  gallon engine oil Grey_1.jpg
Processing file 1jl9rxRRKXpAgZ_sjxz9f1yu16-KV5aNt نسخة من نسخة من   gallon+  Sticker engine oil Grey_.jpg
Processing file 1ymwiAPteVKVRoD_7xdqcFNiBfda_BPfG نسخة من نسخة من 12 (1).jpg
Processing file 1OsArNSWkmz2Kc3B2hSgU4JaQ4TWU6iy8 نسخة من نسخة من Drum4.png
Retrieving folder 1vVdsW2XluDltjYKal8qV5mnd6qy5RH9k 721023-Lawn-mower oil MV 1034
Processing file 1YtNvtHkQ7yHQgL5No1gRUDXjlCN9bngU ١٢١٢١٢.jpg
Processing file 1s1n0OZk7M_gD2K0HiKYvWsMNp61RfaMx 721023-Lawn-mower oil MV 1034.pdf
Processing file 1P-4l323p4R7hKVLbqJqJ-_ik7EjYombh نسخة من نسخة من نسخة من نسخة من نسخة من   gallon+ engine oıl_.jpg
Processing file 1s7QRgR_xokzcPaWWPVBkkP62RKmtrpfk نسخة من نسخة من نسخة من نسخة من نسخة من ١٢١٢١٢.jpg
Processing file 1p6hIkSzgnbgLKu9xGe34FDaLC1Iqj7Hm نسخة من نسخة من نسخة من نسخة من نسخة من Drum2.png
Processing file 11R0wUReb4BShfQAv-rTGryPXuLrJLqTO نسخة من نسخة من نسخة من نسخة من نسخة من gallon engine oil black_.jpg
Retrieving folder 1BWVEbiSCKyxI5s-TdIkXaVUDRbuo3Ywm 721023kl-Legends 10W-30
Processing file 1wzOGBW2MAMjD9su4Qis97sB9Xm-Em-cw ١٢١٢١٢.jpg
Processing file 1jqXbgGu5Op_1V1ADjdqJowUsSnOAC2Tt 721023kl-Legends 10W-30.pdf
Processing file 1bjNJW6hxejl9Mvs-u0_Iq4fF2SK2H0_Z نسخة من نسخة من نسخة من نسخة من   gallon+ engine oıl_.jpg
Processing file 1Ii6LkdRsrUFHJYNK4zN7EZPzkO3sCvtu نسخة من نسخة من نسخة من نسخة من ١٢١٢١٢.jpg
Processing file 17CXXA94kfHDKhwXdPNH6vK5C6mwzVMgg نسخة من نسخة من نسخة من نسخة من Drum2.png
Processing file 1gHO9oS7HRxtUEoxtKbycg7EZXxD7BL_A نسخة من نسخة من نسخة من نسخة من gallon engine oil black_.jpg
Retrieving folder 1WLuzqbpzYl1fnwSoaeiwIZVeiORBCM-8 721028-Premium 0530 FD
Processing file 1Y4_O52IH2fzIKgwBhQ_G9Qoegl8e2NUX ١٢١٢١٢.jpg
Processing file 1mDlYIFpz_3ajg3Z_2CUdSzb3OU-BHVot 721028-Premium 0530 FD.pdf
Processing file 1DKoQ7qCcWAqoFhd7-e9OYrSKSgxLxOT8 نسخة من نسخة من نسخة من   gallon+ engine oıl_.jpg
Processing file 1XPzL1qSRvyQWa3NIQfpwN_uebadl3QxU نسخة من نسخة من نسخة من ١٢١٢١٢.jpg
Processing file 1rJuIhPe6hSzYv4rqgBfiaxawxz5mm8is نسخة من نسخة من نسخة من Drum2.png
Processing file 1GIit2CAa1A_MQlVxQfloYgax7h1J_i8u نسخة من نسخة من نسخة من gallon engine oil black_.jpg
Retrieving folder 1pQQ_66372GGdeaMgh61vVRoBv5pQpWnb 721054-Premium 030 FD
Processing file 1gTKLp2pifd7QY_CzemwQt_aSZIryKGg0 ١٢١٢١٢.jpg
Processing file 1z-H68RRywQGogcNBoemFt9M7hnXFWIoQ 721054-Premium 030 FD.pdf
Processing file 1DdlLdN5nSFPa2XvqMjx7t3STm65JXQa- نسخة من نسخة من نسخة من   gallon+ engine oıl_.jpg
Processing file 1cqwX2VKUCkVApER6OGwVBNw6FR5Lk4lY نسخة من نسخة من نسخة من ١٢١٢١٢.jpg
Processing file 1izzikDz7MncEXKYRlZ7yy3GRnO_QfX1_ نسخة من نسخة من نسخة من Drum2.png
Processing file 1PJpzWWUUE9uQNRB__bth_G0DQtQaxHrj نسخة من نسخة من نسخة من gallon engine oil black_.jpg
Retrieving folder 189gHmrei-I7cjPVk-Ra1r-nxF5rHdHpM 721055-Premium 0530DX1
Processing file 17I0GLqanRqaVlM4bubgoM3JQl-hinIBf ١٢١٢١٢.jpg
Processing file 1tO2fpX-0e-nRGQ3Zg8vRnxxa7aoW4BF8 721055-Premium 0530DX1.pdf
Processing file 1xO59Gt_DcumNRI3SVb7ruONBOMPt2ERL نسخة من نسخة من نسخة من   gallon+ engine oıl_.jpg
Processing file 10VG0befj_is2DGtWCZkzQ6c-BVtAO3EK نسخة من نسخة من نسخة من ١٢١٢١٢.jpg
Processing file 1VOHBV4ttvuzj-m1Hw5WXngCJfDS0rR7C نسخة من نسخة من نسخة من Drum2.png
Processing file 1Ups52Mk6coUyOA2_d0gQTSN_bEHL-7dL نسخة من نسخة من نسخة من gallon engine oil black_.jpg
Retrieving folder 1JHt0yRw-hkcM4xFZrjz9MqU15XUrBO6K 721056- Superior 0530 RN
Processing file 1KGOTiTCpZYFZO0svD6n9NX00pDtLYxku ١٢١٢١٢.jpg
Processing file 1opjMZTUu3Rwo8syRItZCm8KFM1E7ghlp 721056- Superior 0530 RN.pdf
Processing file 1frcvshoBH7IXlYhK2cI-H4Bmb_yuGfci نسخة من نسخة من   gallon+ engine oıl_.jpg
Processing file 1NNHusgZGnST6wfWR3ilHjtUZBYdwPZpA نسخة من نسخة من ١٢١٢١٢.jpg
Processing file 1QzNgIF2cKMId7Rn0Ih7QJkit7NVluq86 نسخة من نسخة من Drum2.png
Processing file 1HgJRcROCS9kKl4W2JfuYPkIeTJitSup4 نسخة من نسخة من gallon engine oil black_.jpg
Retrieving folder 1QJ_AmJE0i3JoKqM0RSRDiZB4NaXmxbbz 722101kl-Legends 10W-40
Processing file 1E1yaMBPboElX2YQ1YGaxnXBk8yrhdOLi 12 (1).jpg
Processing file 16UZ3CZEpgBS8St_lOj-9HTdVz5hmgKd6 722101kl-Legends 10W-40.pdf
Processing file 16zY2QVeDINLEX0oOMmWqp3riZOOxy613 نسخة من نسخة من نسخة من نسخة من   gallon+  Sticker engine oil Grey_.jpg
Processing file 15gcQEgxCvu_UqGqQcK2-c7a0suDpAfrg نسخة من نسخة من نسخة من نسخة من  gallon engine oil Grey_1.jpg
Processing file 1VNkU7ehUZA5R4Yb2NVCYl0OyYyoTtrp6 نسخة من نسخة من نسخة من نسخة من 12 (1).jpg
Processing file 1FQRPrv4xcSYraQUtnOy9OUpaxvn1vTbY نسخة من نسخة من نسخة من نسخة من Drum4.png
Retrieving folder 1jY9PKseuS501j6XNGuH6774Qbnkcnety 722102kl-Legends 15W-40
Processing file 1gcFKwJVkvOQjAp3iNpYWrbXJiALlp-JL 12 (1).jpg
Processing file 1C9eHf96yhBrOCZYqllezoAE0auHoFmJo 722102kl-Legends 15W-40.pdf
Processing file 1awgY8zTJl6hNvg5prgXTEq0A-C6z-Spq نسخة من نسخة من نسخة من   gallon+  Sticker engine oil Grey_.jpg
Processing file 1saZ7wcTi51RECkcnY8hwYRfKLRvSOb9Y نسخة من نسخة من نسخة من  gallon engine oil Grey_1.jpg
Processing file 1wXmhgO1uGQ7gt4uzPNapI6YhZQCxSaP2 نسخة من نسخة من نسخة من 12 (1).jpg
Processing file 13cVy2Nf4y3Jv1Hk4FKAbGbMDQfoR1oZK نسخة من نسخة من نسخة من Drum4.png
Retrieving folder 1CuNCqYtOxwPsKmTvZEJiW8jA3cHtyUX4 722103kl-Legends 20W-50
Processing file 1PSl_YeBAen8wrEPjOgMTfr0UfT6eivX9 12 (1).jpg
Processing file 1RIRGWUTeGZz40H1A1ZKRLFQKuHsZtMC5 722103kl-Legends 20W-50.pdf
Processing file 1cE5Um_6JufoNJr7gt4EN5BJfGMvNPydx نسخة من نسخة من   gallon+  Sticker engine oil Grey_.jpg
Processing file 1nFmDts7C6KRlvmm3fFGH9I44wuYPLyYW نسخة من نسخة من  gallon engine oil Grey_1.jpg
Processing file 1cM7mpYcSpK_szyIu6fZJyZi1n6lRIWOh نسخة من نسخة من 12 (1).jpg
Processing file 1UuXM7x9uKew-S-CH6f6SibIWQEBaEV8D نسخة من نسخة من Drum4.png
Retrieving folder 1qIX-ezfR5-7YXLKHL-zB2p5h1j_GOlCp 722128-Superior 0530 C2
Processing file 1FkzwgYAIk2W0R-1T7Er2DwqFPVTl1UzZ ١٢١٢١٢.jpg
Processing file 1rmePLcF43Bsy7PNbjzdwdt0nDRRgCuKI 722128-Superior 0530 C2.pdf
Processing file 1GiNvLE2lLouuK2jMXc1otnnHN9Mb7uBr نسخة من   gallon+ engine oıl_.jpg
Processing file 1ae57dFGQyXQiMfbSQt3sGiBrnnIiQvGb نسخة من ١٢١٢١٢.jpg
Processing file 1JXOVKakL7TTttWwNd-TXFwnTnn_F2yQz نسخة من Drum2.png
Processing file 10ZblkjT8NXop_qnIuN-jrRhVVVU5ropr نسخة من gallon engine oil black_.jpg
Retrieving folder 1LjCvQ29ADTTAAMhzD-Sj3VmeGPVuCqpP 722131-Premium 0530 C3-DX
Processing file 1mwrbuQDDvCFdtVcJajeviP6qsz-bt0TP ١٢١٢١٢.jpg
Processing file 1x4z4TdJdRh-8eQNQln5dZoj7YQnks5Qy 722131-Premium 0530 C3-DX.pdf
Processing file 1tmS9kXFVyiX6DLVfFy194qEoloj74kUl نسخة من   gallon+ engine oıl_.jpg
Processing file 1PGips7nH_b5OjDkB64cZWcSR_ySRJvMJ نسخة من ١٢١٢١٢.jpg
Processing file 1hKroj97IllDjirNYP1GxjMQTk8fw4SvQ نسخة من Drum2.png
Processing file 11vam1JPjx4mq7ldTsgnTFPj5TED4SsUX نسخة من gallon engine oil black_.jpg
Retrieving folder 1Rk80XAptB6aYVcC6ESFzvnXcEo6G70wH 722139-Superior 0530C4
Processing file 1Av3Rpwx1xVP__frlAYLxu7G53EAjsxO-   gallon+ engine oıl_.jpg
Processing file 1U_9UMybz175NZ5WB_5iHg3sEcp45sQlZ ١٢١٢١٢ (1).jpg
Processing file 1N_kUIGQUTeWR8xJIsPTbdB72KYVP8Db4 ١٢١٢١٢.jpg
Processing file 1C3IColWBLAwaEGuaHI8YoHfoXLK4BCH_ 722139-Superior 0530C4.pdf
Processing file 1Ap2AWCq-BO5Vvi8bgomAFEPxu1hagt7d Drum2.png
Processing file 1OzxrTaeYp92ILhLhP39gqCmBh_RFFwiT gallon engine oil black_.jpg
Retrieving folder 1d1sGm8wu2QuvJQK_tDRFE7IEl_SAkeaJ 723136-Super Racing 5W-50
Processing file 12EZZRJXKSsS6L7l9rFPjN9Kz_JpNZNOh 12 (1).jpg
Processing file 1Ed3qlmgI5Z1ImOUAk8bIFPIzw-DYGsah 723136-Super Racing 5W-50.pdf
Processing file 1fY0btmI0pQDYpg3E65fG5i5illrNcKud نسخة من نسخة من   gallon+  Sticker engine oil Grey_.jpg
Processing file 1ZTC3UjGfJzWPe_tQrq5DNnwFXUjp-1az نسخة من نسخة من  gallon engine oil Grey_1.jpg
Processing file 1fdpidcuFY9Jj5VrIYE2CdSuPe-HMiCPP نسخة من نسخة من 12 (1).jpg
Processing file 1RB0m5GmtiTUZFGLU0OzLqW9diP_U9Ui6 نسخة من نسخة من Drum4.png
Retrieving folder 1TJN4RhVXMoiX0uYYCmcVEMC0JsTBFRP_ 723137-Super Racing 10W-60
Processing file 1xBwIGzt_kwZ1EYD7ZIv-mwcRSRY3TkVQ 12.jpg
Processing file 1IWmn4CIaM5dmi9JLhmawkf_FQ_fg4G6q 723137-Super Racing 10W-60.pdf
Processing file 1FjSNJ2RptMMCvpcROqjJpF5nAdvZ_lD8 نسخة من   gallon+  Sticker engine oil Grey_.jpg
Processing file 1f8AWz6eObZeQC5MYC0eloOf7RmI_Hz8Q نسخة من  gallon engine oil Grey_1.jpg
Processing file 11Ufp69HHW3VOoLWzY6TLH0Biyl0afw5x نسخة من 12 (1).jpg
Processing file 1HJXvovfsj_m7wgfNkcwNE0sjUxfjvnem نسخة من Drum4.png
Retrieving folder 1rKAzuZNgvDz08n11U-K8aYj1WHjO0CV7 724008kl-Legends M 50
Processing file 1IdpZJS3S520ZizmQ_CfKQyZcdjc6ohpC   gallon+  Sticker engine oil Grey_.jpg
Processing file 18sNhn432Cggfq-pfZuPUldhSijkd7E9I  gallon engine oil Grey_1.jpg
Processing file 1mtIpe2Z5FnTQohiyKpvcdXu7UlAQqt5c ١.jpg
Processing file 1hM5fWUXrHlWhy56jHUTWR7rnKcVHx3Sw 12 (1).jpg
Processing file 1qea4Qth8LKcBJd3Jgkt6w1qLn-vltGiJ 724008kl-Legends M 50.pdf
Processing file 1KyhJGMHVrbVL_v_Eui2KWsKh59rPjyQp Drum4.png
Retrieving folder 1439yBQdup8UYwuxnCmuJk9hV8mv4v0UD Engine oils – Watercraft
Retrieving folder 1AGsu1rd-ssajYCcaN3QMn6Pf5evzG7Ib 721401-AquaPower Outboard 4T 1040
Processing file 1_iR6Z7nZzZuKYa6MKYs287koaqmPx7Eg 721401-AquaPower Outboard 4T 1040.pdf
Retrieving folder 1hUb0ceRP4J8i6jLaTtJEgCfIGuyXj9tQ 721403-AquaPower Outboard 2T
Processing file 1zk2KJd8EFq6DwsehKBdGEtOEtUD-UfFM 721403-AquaPower Outboard 2T.pdf
Retrieving folder 1u3lnoIGH-EWhkS8JxjlZl6rvQ3gcqf9u 721406-AquaPower Inboard 4T 1540
Processing file 1VKBNwZe1fb8wdBKCWhFpos0ptvnfcpag 721406-AquaPower Inboard 4T 1540.pdf
Retrieving folder 1FZp-LBsO5JcKidHUeBGbD0qRvph-EumP Gas engine oils
Retrieving folder 1Gin9Fs89aNAaIrp2LZ4ajArUFHIsBlRE 725011-Gas engine oil MG 40-Extra LA
Processing file 18HKmIbf7a2zsXIIK6WcA6IQCWllXu43d   gallon+  Sticker engine oil Grey_.jpg
Processing file 1rTeu3vMqsDZ_4vInD-U4PUqCpbfJF1GC  gallon engine oil Grey_1.jpg
Processing file 1YfoNPKj8f40QNPZ-Dziqxfi3exKelic4 12 (1).jpg
Processing file 1HRPKNVTzRdIXAzM7Z-6jNGM7qjn6y1B7 12 (2).jpg
Processing file 1AjZ0Z3INQrTh9DHGYYbb5Z0Frg5H9WDE 725011-Gas engine oil MG 40-Extra LA.pdf
Processing file 1vbCEW9TSqUUW1D3h59q9E3cu64PPF4dl Drum4.png
Retrieving folder 1eNXPta0KbSJ4iMySwviCPwuKEeeoc8lD 725012-Gas Engine Oil MG 40-Extra Plus
Processing file 1d1bImRw5-Py8GJ-cJJ1w366knacsREmb 12 (1)@1x_1-1.jpg
Processing file 1GmdCYrO8AhgD9xdrElztdPeHNNnMkwGf 725012-Gas Engine Oil MG 40-Extra Plus.pdf
Processing file 1qgA2FJelumn-GA6LAyBx9xdfpk9FkY9d نسخة من   gallon+  Sticker engine oil Grey_.jpg
Processing file 13jkvFUJcU35VqnyvFtU_3rbf_BPGIdGI نسخة من  gallon engine oil Grey_1.jpg
Processing file 1cHeLL3QgOh-12jXMiI3lp3ZjZfEbxtZr نسخة من 12 (2).jpg
Processing file 1mY5rwHstldedJXZ7VrLxe6yFuzJGpc4B نسخة من Drum4.png
Retrieving folder 1_ZgaEFj6oTEMMQ2VN7H6xFrqXknjyxnH 725013-Gas engine oil MG 40 PowerSynth
Processing file 1qfQcFZVjvffDgyvTN7p6DcDR6Kqp9zDk 12 (1)@1x_1.jpg
Processing file 1ZTq5CXtwB7R6AUQYsa068zm_u8IDx3Hg 725013-Gas engine oil MG 40 PowerSynth.pdf
Processing file 1f4VBkuNK0gI-wehKoUUkeb9oIAtwWoKY نسخة من   gallon+  Sticker engine oil Grey_.jpg
Processing file 19LtiyRwWisnN0TyixSeEMf4d_sl-FCks نسخة من  gallon engine oil Grey_1.jpg
Processing file 1FAqXIt2nncsc3bHstOs8NBq8OmwVT_zW نسخة من 12 (2).jpg
Processing file 1862pi4CtP_C1KU0y3hE7gGjsvR6oMo1o نسخة من Drum4.png
Retrieving folder 1WFZDNq-oXOfKi3piGMm-FLEL_CbaH_DO 725018-Gas Engine Oil LG 40
Processing file 1iRGwMqK0tfN3FjZpDZPm3xGhEYANjm-G 12 (1).jpg
Processing file 1Hej84vujalo3dviiylX5vl3ehm0rSeEW 725018-Gas Engine Oil LG 40.pdf
Processing file 1D65CjEPxrcJSqQn6m_TprX56-jN449Vq نسخة من   gallon+  Sticker engine oil Grey_.jpg
Processing file 10rbHFlXNeSCbP5tR7JT1HTL78zs_e4b2 نسخة من  gallon engine oil Grey_1.jpg
Processing file 1U3tO2kR1ibeTQFUmZhgVxMiSYAbCaNqv نسخة من 12 (2).jpg
Processing file 1CDPoJ0XyH81WkTP_0W7lP_eWzO6Ryhmp نسخة من Drum4.png
Retrieving folder 1RJf5lrE66UNaULKje-aTvdtQJGYKlQt_ 725019-Gas Engine Oil NG 40
Processing file 1ORjevO5DUx1gsquRAgKPMXlCp3Lo8G1v 12 (1).jpg
Processing file 1xy_JyDbKK3HpQ1i-fG2bOj0f64Fd_TRX 725019-Gas Engine Oil NG 40.pdf
Processing file 1Ac-v6l_XWqPAKvsv44nkSz0wDeWrYG8x نسخة من   gallon+  Sticker engine oil Grey_.jpg
Processing file 1cw49mNple8qaHQe1In6HIb5kY57KEq1x نسخة من  gallon engine oil Grey_1.jpg
Processing file 1fG21DJRYwcTVqbUcOFesgKTY4NjIi4fY نسخة من 12 (2).jpg
Processing file 1fOiUmKVddpkqxfneCOOH5uKAtZJE7vPn نسخة من Drum4.png
Retrieving folder 1JUSxZZU3bqp1ZFZvtA5XWltkz11wx3O1 725022-Eco Gas 4000 XD
Processing file 1TNl-8MkjnlZZAIJRbY3MWmxJ0v9VpHgz 12 (1).jpg
Processing file 1nAgJW4xn2fWjkwsZ_5GlAU-EEPn-Y_UE 725022-Eco Gas 4000 XD.pdf
Processing file 1K8BxJPNxJyskL1R11gwMI4mPuUs13-Nc نسخة من   gallon+  Sticker engine oil Grey_.jpg
Processing file 1w5n8iUeMz-pb3qmDQoaP9JgIGHb2hrvd نسخة من  gallon engine oil Grey_1.jpg
Processing file 1DThnX4M_k97UBHYGLHx2d0UT7zdeLw90 نسخة من 12 (2).jpg
Processing file 1JDOBd4MChE5v0aALlnWaO7B4WHMU3C8w نسخة من Drum4.png
Retrieving folder 14vny-QBRrJgwI9ONo5StRBQ07DFCQNYq 725025- Eco Gas 4010 XD
Processing file 1-muiwhLuxMwIysOFU6FtWen3HlSvkwy4 12 (1).jpg
Processing file 1AdpjHuHwyn29Py7UOaqUHGc7foiw8qnY 725025- Eco Gas 4010 XD.pdf
Processing file 1bysOru0kmzMVyP6nJW0592hTeHoGc-YA نسخة من   gallon+  Sticker engine oil Grey_.jpg
Processing file 1kX-GdwoEwlJ16431ThkhQnl78vEKLjvl نسخة من  gallon engine oil Grey_1.jpg
Processing file 1gYxM2q9HCrWqiwshfbDNBvidT2g3LVU8 نسخة من 12 (2).jpg
Processing file 1szp9M4LwoRyOHNgeN8a-40OvVMUzAtuR نسخة من Drum4.png
Retrieving folder 1jZbUHxzXChjQQ6oqaKuyktbpf4zUvtMo 725027-Eco Gas 500 XD
Processing file 1_Ltz0epw9zv943Kmd7o2eclk_tN1rlFP 12 (1).jpg
Processing file 1qinYL6JsLDEKRG9cgX34R9dJjFPPZSZ6 725027-Eco Gas 500 XD.pdf
Processing file 1kDmjA-bSLGzUMvw71wprsiIKITk132YH نسخة من   gallon+  Sticker engine oil Grey_.jpg
Processing file 1bKw6nRofGyfwaod_a0R5Dw1ysGzkUrjp نسخة من  gallon engine oil Grey_1.jpg
Processing file 1NtCX9e3nu290txqLU3GI-IduB-6EnwTG نسخة من 12 (2).jpg
Processing file 1HLTJFUAFUihbyycqyzsaa_WWzzPZXssp نسخة من Drum4.png
Retrieving folder 1bD_0JFxh2z31gANBiQg7c-raTkFLcoGp 725033-Eco Gas 4205 XD
Processing file 1dllDXv9W3ewPX4p2HpHhHpVSvumF-qON 12 (1).jpg
Processing file 10x2X47G-p4aizMJVWeo9_jKyNQxkwzVe 725033-Eco Gas 4205 XD.pdf
Processing file 1DB6OTcZZlZPakwlt9uycQwVHCGNrkLoy نسخة من   gallon+  Sticker engine oil Grey_.jpg
Processing file 1ARloc7Vpz3ZQIoIXY9ibp-WIioLiZEw5 نسخة من  gallon engine oil Grey_1.jpg
Processing file 1yQcGqjgf8d5pntJgQLMz5TiL4TTVmm2E نسخة من 12 (2).jpg
Processing file 1u7NiH-YdkXF2OP5jLAwlPrRbcGy1hAHi نسخة من Drum4.png
Retrieving folder 1aQCYMnF3QGLKuadXq4chpfYtRTjf8-Zj Guideway oils
Retrieving folder 1GDhDmz5HsCk43J8K7LAHs4HOJpYcKcd8 763000-Guideway Oil XG 32
Processing file 1K5y4whH4BpTthUi1l-FHo86qTiOv9jZi 763000-Guideway Oil XG 32.pdf
Retrieving folder 1kTJ3xPRkWEw1f71Qy9Bspf_YmVpxA2u1 763001-Guideway Oil XG 68
Processing file 1_wbyGh6QDqZVqGUS6LwAJAAs4GWaD7XW 763001-Guideway Oil XG 68.pdf
Retrieving folder 1BZSit5N7qtIteiBNVGIiMwPM-JJ9sb5j 763002-Guideway Oil XG 220
Processing file 1pZLc9Gpgt0HqOffkdseoAGZIcqbQ2jpb 763002-Guideway Oil XG 220.pdf
Retrieving folder 1xHJCe2lmH_IsvgqPjMygoahEjmMmEIGS Heat transfer oils
Retrieving folder 1sy04EVy2bQNPuoFsJW-wh2OELS72CZl8 736057-Foodproof XW 32 M
Processing file 13J86T6Ph7hNX3eqIlOTwrPPhQRHrp25s 736057-Foodproof XW 32 M.pdf
Retrieving folder 1a-T8wQaOxXhuVKEMHM60t0k37xE-pSdD 751006-Cylinder Oil Z 1000
Processing file 1T5QdTrmKDeHM78dGJtvIfMgfYC9UeYw9 751006-Cylinder Oil Z 1000.pdf
Retrieving folder 1uaXTYWk3_N-_Ggfp4DeFcczIeEzUQgrF 751008-Cylinder Oil Z 1500
Processing file 1-xDlY-WNfmXGhbq7l10Mz64ukelwZ3FY 751008-Cylinder Oil Z 1500.pdf
Retrieving folder 1n1tOk1f3SsT9dYiGGyFx1vynTv6PW6h5 778001-Heat Transfer Oil XW 15
Processing file 1xTeqzdvj97f-JhGOr-MTTnHguDOIW8uV 778001-Heat Transfer Oil XW 15.pdf
Retrieving folder 1735cBOgMRm3PG2iJJgxEJek7Dk1uzQzD 778003-Heat Transfer Oil XW 30 M 250
Processing file 1fcvv1jA-mWd6vVjcyTYzXMrK6GEYjmH1 778003-Heat Transfer Oil XW 30 M 250.pdf
Retrieving folder 1iyZQs5f3lWPi4k_6fyObWnqp17LTu1uz 778009-Heat Transfer Oil XW 15 HT
Processing file 13_VO3ipypLv_szrJjJZlFsoQ5LYIlu1G 778009-Heat Transfer Oil XW 15 HT.pdf
Retrieving folder 1XgCT8HissmY90xZEtbYgjBHvKQcHqdyu Hydraulic  fluids
Retrieving folder 1DYe-9c7GbYTlxGjB0YIuElWMCVnKMiqA 732002-Hydraulic Oil HLP 22
Processing file 1-2OwfslB9yLcesELr3xUqnLrdVEv2qK7 732002-Hydraulic Oil HLP 22.pdf
Retrieving folder 1VUUoe5z5bALscAStVi-Ron2TGMpi8_r8 732003-Hydraulic Oil HLP 32
Processing file 11dpM5AUxaq2VSHO7nWEOQPPf5BPrnDWJ 732003-Hydraulic Oil HLP 32.pdf
Retrieving folder 1qYny5xryjBrlr4zs3xyH-At4sPlUNGm3 732004-HYDRAULIC OIL HLP 46
Processing file 1-5546KTc-sACjoAd132dG4UMztuGFPsI 732004-HYDRAULIC OIL HLP 46.pdf
Retrieving folder 1ZOriPFWlRktHef7kkeMhqbnUjfQ7EVXq 732005-Hydraulic Oil HLP 68
Processing file 1QczXW-VQd0wICHM7ZlNPLusAU-hk7pY3 732005-Hydraulic Oil HLP 68.pdf
Retrieving folder 1EZLbSO5dVibWtPwDIMi7oSra4ZORD3RG 732006-Hydraulic Oil HLP 100
Processing file 1OP_8JiBmisYri0mrEFZJinKlGSfeAZl- 732006-Hydraulic Oil HLP 100.pdf
Retrieving folder 1xrNcw7Ex5wJo2jcvUmZKlnuX-6M5Z91m 732007-Hydraulic Oil HLP 10
Processing file 1R6akVvcxzxGnpEKouhHwPB2_mLMmQjSx 732007-Hydraulic Oil HLP 10.pdf
Retrieving folder 1IaufqJ5qRNafufgQP3ubVtbh1v5NI0pt 732008-Hydraulic Oil HLPD 10
Processing file 1y85Ujlf-b7Szoq2JXMmRbqonnx6QlAyz 732008-Hydraulic Oil HLPD 10.pdf
Retrieving folder 1LsaLUvTAz5nxSnqAin9GWydnVQKTjtYQ 732009-Hydraulic Oil HLPD 46
Processing file 1eQiuSBx989W2Trcejk-j82mFKMziThtA 732009-Hydraulic Oil HLPD 46.pdf
Retrieving folder 15uKCBFKGF8r0ElWOpx09lwDZbmw2BLf8 732010-Hydraulic Oil HLPD 32
Processing file 1m--Ztd3P5KgpfWYyVUV5L0B0UZ4PyiLR 732010-Hydraulic Oil HLPD 32.pdf
Retrieving folder 1AkvKX6-ELXhStSAgi84McXBLs3BnFmMH 732011-Hydraulic Oil HLPD 68
Processing file 1dC-Io77iXRmPKZpCmabS4jVKrdgz-xTU 732011-Hydraulic Oil HLPD 68.pdf
Retrieving folder 1qgs94_c5HTFlTlX6eKFm0p-Bg79vPnNT 732012-Hydraulic Oil HLPD 22
Processing file 1mj__e7CejokZln_WQyVm4ov83P6dKRrm 732012-Hydraulic Oil HLPD 22.pdf
Retrieving folder 1Lz7tWBTP2cBPpXX1_1-hPKTo73IrFZUc 732015-Hydraulic Oil HLP 46 AF
Processing file 15iHnJs-2XiihRifOSqi7j_Zo0KyZaRK8 732015-Hydraulic Oil HLP 46 AF.pdf
Retrieving folder 1BVu3OcZfH17S0gKdvJLxv7Yf7C7R_VFz 732017-HV Eco Fluid 32 AF
Processing file 1Ttw6Oh_eqcajILfwPlqS3oC0X1aJbV3G 732017-HV Eco Fluid 32 AF.pdf
Retrieving folder 1Eacxusw_nDoQoQlnMYXiPVd1Huzt2Kb5 732031-Hydraulic Oil HLP 150
Processing file 1P_cOfazphAB_KHQkqlq855fDIEMy-q3p 732031-Hydraulic Oil HLP 150.pdf
Retrieving folder 1Cyh4gsSexSHHQpXX3Um3X9PjxiRHhgEy 732034-Hydraulic Oil HLP 32 AF
Processing file 1RbMkfYNbEHZTyZNQ6OhPxBqmqke4O88D 732034-Hydraulic Oil HLP 32 AF.pdf
Retrieving folder 1J2dLibzGYkKq1UrPY3zCS5m891MX6WDj 732035-Hydraulic Oil HLP 68 AF
Processing file 1U7OpJy8MrSYHuUjhX6UYJ4UOdI5CaVRg 732035-Hydraulic Oil HLP 68 AF.pdf
Retrieving folder 1XnVInhJhis4wR4uFb2GF9HZ7u7rbfdvh 732050-System Cleaner 1/33
Processing file 1vt9sXTU6VyO9H4vbxDtNUYrZeKrdYc2f 732050-System Cleaner 1-33.pdf
Retrieving folder 1Wb5-cMNSAMtTG8_ekx6bLAD3lEBKGWt0 732060-EcoShield HF-FR 46
Processing file 1TLnMybifOvcwOI9FL8pBIv9s8Olst6Cu 732060-EcoShield HF-FR 46.pdf
Retrieving folder 1qQoU2NckWZ5cNHFPbXoszL_Kr1_1ChS6 732061-EcoShield HF-FR 68
Processing file 1kZV3T2pG40S9VlQkPoKM3sbhmXIBAfz3 732061-EcoShield HF-FR 68.pdf
Retrieving folder 112OQVQAK34UdV35k7m2nfFuEXGXrR5sK 733005-Hydraulic Oil HL 10
Processing file 11m8IwjbOcCTn-Zkl4yq6iMXT6zW5qQhy 733005-Hydraulic Oil HL 10.pdf
Retrieving folder 1mDHpa1vhKrxFOAx2Hd7mI6AAmlRdsuYB 733007-Hydraulic Oil HL 32
Processing file 1-_Kh7zjmq-TKnxsm1FGQrAsp-OTUrAYs 733007-Hydraulic Oil HL 32.pdf
Retrieving folder 1C1cWnvJXJ5bBNLLNIclcH2AxTsxY1f4W 733008-Hydraulic Oil HL 46
Processing file 14iaSWDpHuRmVTjWRKf18SFWjqpL0zgTj 733008-Hydraulic Oil HL 46.pdf
Retrieving folder 1-MPJaxdHK9xANZPXJQuf96uwwFqgE26n 733009-Hydraulic Oil HL 68
Processing file 1q38UvHHYkZdYI7EM-OICD5WcUzRDqlrf 733009-Hydraulic Oil HL 68.pdf
Retrieving folder 1LZjxlx8uwgQYMhXJwtVrMJqDSXz5RoaP 734003-Hydraulic Oil HVLP 46
Processing file 1sdV354IE2kjRVE1qNWGzPIwUlzftvjTu 734003-Hydraulic Oil HVLP 46.pdf
Retrieving folder 1aBUa2JpqFBnKSWJisM5y86yRnLyTyjiz 734004-Hydraulic Oil HVLP 32
Processing file 1f34g_BsxCPxANAdXLBzBRdIPG1kec9fB 734004-Hydraulic Oil HVLP 32.pdf
Retrieving folder 1kiHLkhsAI-cUoRcPYzn2CRpmloxFDd4y 734005-HYDRAULIC OIL HVLP 68
Processing file 1pGRDBCn3ExMF9caQowQ8qq21ep6m9M15 734005-HYDRAULIC OIL HVLP 68.pdf
Retrieving folder 1awGBPvKP0eXK2IPsKGFWS7YM0J-HYqEY 734006-Hydraulic Oil HVLP 15
Processing file 15B7Ovp5suKl68GH1kd3mZ_bhaHus09L0 734006-Hydraulic Oil HVLP 15.pdf
Retrieving folder 1oQdCPjDsFAq_Kn9y5Ld73aL3-O5b-pwK 734008-Hydraulic Oil HVLP 22
Processing file 1rgdocvs75EYv_JhJwu70mU1fqRBXGudQ 734008-Hydraulic Oil HVLP 22.pdf
Retrieving folder 1uLrj7a_FoW_ugnbzAPbaI9smuevtwz__ 734011-Arctic Fluid 5606
Processing file 1j__t6OyeFDMaN04oEmRls0ihmk18LiZq 734011-Arctic Fluid 5606.pdf
Retrieving folder 1TPcJTw8em4HIrq6VCPPS6jTSLkHZCWDy 734012-Arctic Fluid 22
Processing file 1CRD-ESDMU2eJqGACZMJEhv-rAyjZyTT1 734012-Arctic Fluid 22.pdf
Retrieving folder 1XWP5AhGyn60cu1qPmJCaH-v7i50LsvxZ 735001-Hydraulic Oil HVLPD 68
Processing file 17QxJP_zVCUPbX2N615m9v4ibVUqdSLYn 735001-Hydraulic Oil HVLPD 68.pdf
Retrieving folder 1TmXdctbz_D5EsY2lBodxEXHxpO2yigV4 735002-Hydraulic Oil HVLPD 46
Processing file 14xD9SODjc40nO2dut-1_20es7WR2VyYJ 735002-Hydraulic Oil HVLPD 46.pdf
Retrieving folder 1ZDRuU6jVOrBQxXj05Quo8DMDw8G91L13 735004-HV Eco Fluid 32
Processing file 1ZCGiCafzvLtgwhS_5Xp5NicJ3l3HfJ1K 735004-HV Eco Fluid 32.pdf
Retrieving folder 1aPeZlYe-w2hM0zihJmOoBCUvm78Hczc8 735005-HV Eco Fluid 46
Processing file 1iN-inzU8zZe2q5oCn3au3b5zx53TEdth 735005-HV Eco Fluid 46.pdf
Retrieving folder 1gB5ivtq-JVA-wECMxjHF02K9ieM3fIAD 735007-HV Synth 46
Processing file 1HsnLDETU3VxAIu2MS6Yhyx5K9gm_r-X9 735007-HV Synth 46.pdf
Retrieving folder 1MQ2DY4fnKMaX4VBqxUwXi1zcJaeKCR0q 735008-HV Synth 68
Processing file 1V5QXLmRqVc2XIGxsXAu0PY0eBA8ePn54 735008-HV Synth 68.pdf
Retrieving folder 1a4kkdGEhQqkmDz51Wk8KUQz0Gfpw47f1 735009-HV Synth 32
Processing file 1i7RNEDFXo5baYPfHAKh-VKqY55iWqVSm 735009-HV Synth 32.pdf
Retrieving folder 11Efj26IP7n_4oIOUVCcT7IsMWHvGzlad 735011-HV Eco Fluid 46 AF
Processing file 1E5BFGzQ19685Espf1C2PG87la01VlXgl 735011-HV Eco Fluid 46 AF.pdf
Retrieving folder 1lCX-66lBMopNcc9DIWyw2sYrGSJCNC8h 736000-FoodProof HLP 15 S
Processing file 1V_gvdiyCaMOwd4-HyYT5ToDqkZsHyC_U 736000-FoodProof HLP 15 S.pdf
Retrieving folder 1iz8PyC22LIuKYnl0KbKwlN8D2Yk8sjue 736001-FoodProof HLP 22 S
Processing file 1HzUjXH5YR01dMPCs8ZAQTFsETgcpfFpY 736001-FoodProof HLP 22 S.pdf
Retrieving folder 1ChY3L1bBoGaMSXQXh8eBNhSupBS6NPEf 736002-FoodProof HLP 32 S
Processing file 1IW9VgQdrQrvv1XBqUuk4ndyAEImwyCZy 736002-FoodProof HLP 32 S.pdf
Retrieving folder 1auTEfyJjRC4-cCReI7SuoJ5gpdCMOMTC 736003-FoodProof HLP 46 S
Processing file 1lpwcU0lo3PdqZPWsxNimjHFG8XPh9EIF 736003-FoodProof HLP 46 S.pdf
Retrieving folder 1sf9W-bzgEOW26DKv_pPLZrQNQx1w8rAG 736004-FoodProof HLP 68 S
Processing file 15zbDPZr_BASe4R7Fy0cqzLiRoGPoUs-Y 736004-FoodProof HLP 68 S.pdf
Retrieving folder 1P9Cs7b_NUv6EAjQjjYs8tk7gJChc9VS7 736005-FodProof HLP 100 S
Processing file 1BPumo-DNMQMKOFvnTYnze-c2owJKp1rB 736005-FodProof HLP 100 S.pdf
Retrieving folder 1TvWdmzgpxwn37jNJ11FT3ycBRqYj5huG 736010-FoodProof HLP 46 WX
Processing file 1Yp2odljNbj2HCn4W2I0M0q_Eci_7MzlK 736010-FoodProof HLP 46 WX.pdf
Retrieving folder 1V2FMTCvGprGuxrwJXa8jid0uNhxvqSOV 736011-FoodProof HLP 68 WX
Processing file 1tRXfmcpsITu_NAdQ_-5s5FOHpl4AXTtB 736011-FoodProof HLP 68 WX.pdf
Retrieving folder 1yO4zjIouIneJv2_3iu4uidOZehWCtSBk 741090-Eco Gear 68 S-T
Processing file 1DCt1yj9idNe2_ep-TNOru9p0Ur6gc1JP 741090-Eco Gear 68 S-T.pdf
Retrieving folder 1q_zrLKkHnEiHD0m-aDOJXTQsVc-VYT88 756003-Shock absorber oil B
Processing file 1BbBeJfla_UBygvZRDxaBr8zACkSllnKY 756003-Shock absorber oil B.pdf
Retrieving folder 1g2uX8zjRuG_53lZ2Dou0SQ0gvoji_Bdv 760008-Hydraulic Fluid HFD U 46
Processing file 1u6ZyaGHXlOKSG-gJmdcFGx93UIzwhq1I 760008-Hydraulic Fluid HFD U 46.pdf
Retrieving folder 1INWSEmJjGn_2VIrt9_HqzRqviFDnxChQ 760010-Hydraulic Fluid HFC 32-46
Processing file 1PDCJIn_vo-OONeiKAiJJEbffAL2Wmphn 760010-Hydraulic Fluid HFC 32-46.pdf
Retrieving folder 1ga9XbmfVxCtoZKdnwdaVdr1J6TJN7eqw Industrial gear oils
Retrieving folder 1OnJAK4jkUZx_MG5ZR6mVAL45TwnP2N3P 736034-FoodProof CLP 150 WX
Processing file 1_2caCqjMVCcSNJShbNRp56fiTyAU7sN- 736034-FoodProof CLP 150 WX.pdf
Retrieving folder 18pLbKcIg2-gzxF_aqkcKYGU6Auzug91s 736035-FoodProof CLP 220 WX
Processing file 1g8xIDNBAHj2QiKWcL0G3jVOhGyB4e6z2 736035-FoodProof CLP 220 WX.pdf
Retrieving folder 1cT0HD4XuG9Rbk3yKJdimRtURbbkhKljL 736036-FoodProof CLP 320 WX
Processing file 1IdsK8AtucW3JOUaF5d1rKkb0rHfWyx2J 736036-FoodProof CLP 320 WX.pdf
Retrieving folder 1U7gRL5Hc7qZlNJ1_JJrYqX30Rx7ToBNG 741002-Gear Oil CLP 150 PM
Processing file 1VEc6BhSuBMEaimU3A8Q09BQzTCqP-WtG 741002-Gear Oil CLP 150 PM.pdf
Retrieving folder 18dqc_zF4-gXZr4y8sUpW8hq8QC-qktbt 741004-Gear Oil CLP 220 PM
Processing file 1u98FTipMSskCGOagSm5uM9ykWBwrwnwR 741004-Gear Oil CLP 220 PM.pdf
Retrieving folder 1v02scj4yr0EQBEAxwK1tW3-hdSWDohJT 741008-Gear Oil CLP 150
Processing file 15ksiJRTXt1BuNhUK9a7OPuxMei3MXjaW 741008-Gear Oil CLP 150.pdf
Retrieving folder 1NMVsL-_8z214rox6K7e1ItnLlyVlEL-8 741009-Gear Oil CLP 100
Processing file 1s1mi_8u_SJ8V9Qeo6U0wnfPR-EhqbsnB 741009-Gear Oil CLP 100.pdf
Retrieving folder 1VfxI5WGa8ZAl8CH3oyxPbhBTWXy2bseu 741010-Gear Oil CLP 220
Processing file 1StUCQeh9nbIpqxkp19shSI-k5ECGy_zK 741010-Gear Oil CLP 220.pdf
Retrieving folder 1s-fenfdXK7ThvvNdg0Sha6qFgByW7xHm 741011-Gear Oil CLP 320
Processing file 1cgjWM7jjY4w62BbZ5NXsqbQfBTxSbed5 741011-Gear Oil CLP 320.pdf
Retrieving folder 18wGb4Jns6UocDOEIN37SHowYS5e0xtU8 741012-Gear Oil CLP 68
Processing file 16ot25reqwNUB_T73-NmbDIOIOHJVYsu5 741012-Gear Oil CLP 68.pdf
Retrieving folder 1AuL-2VGkhGa7BhAIIOKhqdWHgPl_zU4q 741014-Gear Oil CLP 460
Processing file 1Ee51lVFd1nuSUOPT4tZKtZJ0H7jfGWXs 741014-Gear Oil CLP 460.pdf
Retrieving folder 14zf3Rktsw5cktxGVX7IPdTy3xUI0yOXa 741015-Gear Oil CLP 680
Processing file 10Draod-XaMPsnxjEjzW-8aRPQv0pp4YC 741015-Gear Oil CLP 680.pdf
Retrieving folder 1rgzw48gPzXtPEWzZ51JknxX5ucas62Lw 741061-Gear Oil CLP 100 MW
Processing file 1jlSUVNxRa8uBmiBaKIlOlEU0-gJjsz90 741061-Gear Oil CLP 100 MW.pdf
Retrieving folder 1Zaj3db_1vY_9iaL-JKHyYXXHZNwZVnNO 741062-Gear Oil CLP 150 MW
Processing file 1dpK8VR8NQGKWNZID-3UsclWb3wFcLivf 741062-Gear Oil CLP 150 MW.pdf
Retrieving folder 1CKYHWzuH4AlN9w3vwKs8br1AJHIZGGPt 741065-Gear Oil CLP 220 MW
Processing file 1d6tJR2ba_SJuSu0MAE7X4kuU0nBzBiXj 741065-Gear Oil CLP 220 MW.pdf
Retrieving folder 1X7eLrgMuDE0bd8JYqnJAGCflODpae39W 741069-Eco Gear 100 M
Processing file 1VZ3dnoMwO1_3ln6Gg9DFdYffZqSLr5uJ 741069-Eco Gear 100 M.pdf
Retrieving folder 1KfungmnAq76vJyQVSZdb4jmb3pgt6fAZ 741070-Eco Gear 150 M
Processing file 1avHsivJ1xETmS0vLfQLo4GXlkOzPKZHT 741070-Eco Gear 150 M.pdf
Retrieving folder 1Yu9fJ57x4paCZlgykzHDVSvG0GyYJQ72 741071-Eco Gear 220 M
Processing file 1zV8V5-L4CrfqHSE5L9teEHbetqVTGlDt 741071-Eco Gear 220 M.pdf
Retrieving folder 1MO-YyyzoGA5LwWPoOUgVQHmzIqXVVxJp 741072-Eco Gear 320 M
Processing file 1W3JpfO7odjOzmDtKAo6kNl3JwaVTKNjD 741072-Eco Gear 320 M.pdf
Retrieving folder 13d5A804FLdKmeQJKHitc5QyN6KlFJ9am 741073-Eco Gear 460 M
Processing file 1FeEzXECG3MWpUA8-W2MGdVl5pi0wiKfS 741073-Eco Gear 460 M.pdf
Retrieving folder 1zAIPWHSQpmDr1jCnRYmQr1HoUZHO3ZV6 741074-Eco Gear 680 M
Processing file 1txuhgvJgVrKpny6DZfUZpKWL7lAAeHKL 741074-Eco Gear 680 M.pdf
Retrieving folder 1KzyknoGzZ5LkLSTDvtVGSQig5YGHvJru 741075-Eco Gear 150 W
Processing file 1k8xDvBnh8sP-3wIlumaUGDVWTeBu8tm_ 741075-Eco Gear 150 W.pdf
Retrieving folder 1uaIJM9i7fH0Oe77uHf8cRMGLcUbXQpRi 741076-Eco Gear 220 W
Processing file 1LYI4yerv5XXdyvZ8tT_JgPPLvq76KFnq 741076-Eco Gear 220 W.pdf
Retrieving folder 1JiSfD-zo1GvcNrsuaDXD-JnzLWzQVERq 741077-Eco Gear 320 W
Processing file 152_ZTs-EHto00-1D1JCI4z7Xdfebnc13 741077-Eco Gear 320 W.pdf
Retrieving folder 1cuhJKx3Y6Q7TDlyZfInXV6IYZcwOwoHB 741081-Eco Gear 150 S
Processing file 11gZmgWDY2dwz-P-IryTYtJSVaTV-Wf5Z 741081-Eco Gear 150 S.pdf
Retrieving folder 1n9RrjAS7JP1zcTd20n2xKWniGJ3exVIN 741082-Eco Gear 220 S
Processing file 12mW_yv7Yxg92Fw2u0yiLsO2pSQsAjnlx 741082-Eco Gear 220 S.pdf
Retrieving folder 1mIXVJjBUC52_mWXtgVaFAOJm8Dvde43t 741083-Eco Gear 320 S
Processing file 1afiLl79rxBZtS8dzgvmfoHZGb3UvuxNb 741083-Eco Gear 320 S.pdf
Retrieving folder 1V26Utobry2HV9i0qTLTPm4VtR_4FoZc5 741084-Eco Gear 460 S
Processing file 12D9kBWz0_N6Vz4gjJP356riLjnpkZKS4 741084-Eco Gear 460 S.pdf
Retrieving folder 1i43b_gqpSISH40FiIhiEnnbQC1WJyprL 741085-Eco Gear 680 S
Processing file 1ZzU3vGaiCwoeT3j4vylW8AzCvd1hlXwT 741085-Eco Gear 680 S.pdf
Retrieving folder 1D37yUUiPhM4jPo7BxX4JWzH7RpAPeQ7I 741091-Gear Oil CKT 68
Processing file 1bejz9SHTznib29mWvEzGvcPJ1J0ZoPwy 741091-Gear Oil CKT 68.pdf
Retrieving folder 1JiRY-UME-n8HgxS82LX92v-snrZcsKNX 741092-Gear Oil CKT 100
Processing file 1XiQwhLIPwMe6BsQmRY4xGIuJqW-V2qRl 741092-Gear Oil CKT 100.pdf
Retrieving folder 1_HYvisUcvE_yovZZSrv4bs5mdOGdW-Yu 741093-Gear Oil CKT 220
Processing file 1qfy7Li-4Jf5FQOSA_E9wuPejjVVkgmUw 741093-Gear Oil CKT 220.pdf
Retrieving folder 1c46yAlsZuHFZ3zwa-T0qpRy0QH6YqDU2 741094-Gear Oil CKT 320
Processing file 1Q7NlDKqetf3vU5m0xcR34Fcu5B0SkBbq 741094-Gear Oil CKT 320.pdf
Retrieving folder 1BajLSCo06WbA426JCKWAKlMB_HhFYsgw 741095-Gear Oil CKT 460
Processing file 1U2gSBxFblvmDxJlPMKXcDG3gQdifpGcx 741095-Gear Oil CKT 460.pdf
Retrieving folder 1_PoCuiPzLsVwxOU9JysJK-s7kEqNwSzR 741096-Gear Oil CKT 150
Processing file 1YcVXvkikwK6vQxfWoHZEkmuD3VhlIluG 741096-Gear Oil CKT 150.pdf
Retrieving folder 1X_npJDMfUb0OHTeOphzjR0GEkbVB6PW0 741100-Gear Oil CKT 680
Processing file 1yxChlPNk8efj3Hd-G94YbOZO42RkJvt0 741100-Gear Oil CKT 680.pdf
Retrieving folder 1ysM1HOtFJdYHbszkmRbQVLSOAx65DTIo 741120-Gear Oil 100 F
Processing file 1rJnvBK2bIWjao4238sQknI1mtbcbUewD 741120-Gear Oil 100 F.pdf
Retrieving folder 1eYZqUYF4H-yUdU-c5LugCf1fHQXXVlYe 741121-Gear Oil 150 F
Processing file 1TcXF9QIzYgFtJt4TynL1pM2irat0IayB 741121-Gear Oil 150 F.pdf
Retrieving folder 1YM1SVAroUUmhDIVTR2Cky5YCOqi9Dm8v 741122-Gear Oil 220 F
Processing file 187XUQYFMnE5jOn71LPWvqUo_5R_EEKlv 741122-Gear Oil 220 F.pdf
Retrieving folder 1N5PQ3pHR7NbF3et6WRV4S8B2X-SEWhCq 741123-Gear Oil 320 F
Processing file 1NVwTkEoJ5e_7EVgZYl5SV5AzftKdbYws 741123-Gear Oil 320 F.pdf
Retrieving folder 1ZoDekwuCojDBoG-Bz0ZA4qPFZpAiLt0Q 741124-Gear Oil 460 F
Processing file 1mrU-4PzCZh3vODC1RPgfYS07A0cnJo-H 741124-Gear Oil 460 F.pdf
Retrieving folder 1yshuecJJ8P1t1HtLU1Drb5W4i7BUYet8 741125-Gear Oil 680 F
Processing file 1qSwLGL5IxOKiZBXzfR0X9nZBImKHmvBt 741125-Gear Oil 680 F.pdf
Retrieving folder 1uETf7KKcIwE_KGTAPDi_rvKS7PbftIdA 741132-Eco Gear GLS 100
Processing file 11EEvApnCjaZLINFpAAMugEeh6_HVo0jz 741132-Eco Gear GLS 100.pdf
Retrieving folder 1WqBIhvCgMpwHI5vDBUZHO1zKkdUKXzkw 741133-Eco Gear GLS 150
Processing file 1pW8QbNC9bzwy1SJUe9Vf1UfVYmKO8FPC 741133-Eco Gear GLS 150.pdf
Retrieving folder 1mDfflG_qqxc8nRsbs6Auw3E0A6wLSKL9 741134-Eco Gear GLS 220
Processing file 1z-ajCNR5b1z73V1L8AR4NFhLkWvc-Z_x 741134-Eco Gear GLS 220.pdf
Retrieving folder 1VHIywhXdj1Fajw0e5udExzwA-_-WGo_F 741135-Eco Gear GLS 320
Processing file 1p_AtrZQ0bIBUUr_P0j8sMAOSxA4IFODK 741135-Eco Gear GLS 320.pdf
Retrieving folder 1-0M1R4ldWtTGwY5wk0m_yh1PSMR5ipJg 741136-Eco Gear GLS 460
Processing file 1fNHV61MphzEhAMFSmNth77HE14QBW4J2 741136-Eco Gear GLS 460.pdf
Retrieving folder 1xO2gb0fEFLXWomMmRmH2Wb9HiYVsXQFp 741137-Eco Gear GLS 680
Processing file 1YnpkI-l3B59TMq474zoIKK0ghrkBeBsq 741137-Eco Gear GLS 680.pdf
Retrieving folder 1pDuI30SzhCoVsUvgN7A5XUExQE51pEE- 764002-Poly Gear PG 220
Processing file 1ZPsZNPX8UiqkVcmsuTO6DsosOzevlUqe 764002-Poly Gear PG 220.pdf
Retrieving folder 1r3q23RV6ENUcz0b2YpJr5IST4lC5gkdw 764004-Poly Gear PG 680
Processing file 19_8TSez6mPbRZRkNL85CuMzYB0z27G36 764004-Poly Gear PG 680.pdf
Retrieving folder 1v8WJOJ8cYyyqK2JyaOhYP40Z-iRTfJ3Y Lubricants for food industry
Retrieving folder 1AHmOdqbVUR7cqHYO1Eq3aoRgIA18JdpT 717299-Silicone Spray LV
Processing file 1cFdMFMOuGFAs9TsPthPVQnoiP4AubnzQ 717299-Silicone Spray LV.pdf
Retrieving folder 1mQ0ZxlkjghXy5LfJK1KxyFJQcxn7W0yI 717300-Silicone Spray
Processing file 1k2KaInE-mb43m2tGdB9eFP0zAok2i5Vt 717300-Silicone Spray.pdf
Retrieving folder 1cgCS2-ARedNUELDZgZpYkAgzg-qSrTDO 717306-FoodProof Cleaning Spray
Processing file 1n0o18FCn4L9z1PO-8II9CcdACWiP5u_F 717306-FoodProof Cleaning Spray.pdf
Retrieving folder 1B53saitlsC8Md2hvBFQJScdFQlppI7mJ 736000-FoodProof HLP 15 S
Processing file 187myFRdOS_TIk94o1NV7y0-Rjol8VKwS 736000-FoodProof HLP 15 S.pdf
Retrieving folder 1l-E1Qyd_l5rwMU6Xs9aMBrUNA9A0zwcY 736001-FoodProof HLP 22 S
Processing file 1ppwX1dpNIHqjwk0VXkZ6uo_6y0bPnzUY 736001-FoodProof HLP 22 S.pdf
Retrieving folder 1lv2cYv0DFhloXYu-ZwhDnMRg84z1AXET 736002-FoodProof HLP 32 S
Processing file 154EP4-VCO63I998WF-GgQH9kpu0o65gF 736002-FoodProof HLP 32 S.pdf
Retrieving folder 1rZS2wO1ZE4Kp3CztkOhUarp8uCdKOcBV 736003-FoodProof HLP 46 S
Processing file 1XzVLtN-NSo_x0gTr6f0zL5VPVLl7sZdA 736003-FoodProof HLP 46 S.pdf
Retrieving folder 13_MCzJ7EoKIK9WhxiJmonvw6oenp2U9A 736004-FoodProof HLP 68 S
Processing file 1EswtJF2v-7eLLyeABIgX1SPncz92VNn0 736004-FoodProof HLP 68 S.pdf
Retrieving folder 1Cd3Aq38haEAIya-H5jbdB0f5yPgKi66M 736005-FoodProof HLP 100 S
Processing file 1CgGYyWs3fr11UGc5XnHT0YaCxvna98dX 736005-FoodProof HLP 100 S.pdf
Retrieving folder 1reNGzfGkpno1s8Km830Vf9Yep2yZ0Y-F 736010-FoodProof HLP 46 WX
Processing file 1HLSNqkCLQUlgTcH30IgOvXw9Ly1gY0kW 736010-FoodProof HLP 46 WX.pdf
Retrieving folder 1pgsFJ0_SddYUyK_XIlCKVnAYHxvszJbv 736011-FoodProof HLP 68 WX
Processing file 13yZ5CQ8_hGirHJxycWu9tkCetDgoS9G- 736011-FoodProof HLP 68 WX.pdf
Retrieving folder 1gP5DciguPG0p1JJJDG-2fU1b5dyiFyYq 736020-UNI 15 S
Processing file 1Pq_nWUKYLqzxFWPCpAoguba8IKgjNIdM 736020-UNI 15 S.pdf
Retrieving folder 1gcZw8BRRWE4QinECRJ-it_NgfLJO_nLe 736021-UNI 32 S
Processing file 1D7TS8lBFpp90yDdvto4OR1pss6VeiuXi 736021-UNI 32 S.pdf
Retrieving folder 1zv8pj3n8TEXJdmfqtHUA6zx5g3VUg0LT 736022-UNI 46 S
Processing file 1tw-QAI9rFIAQJ_f4Qj4vr1QTnnbFDRDb 736022-UNI 46 S.pdf
Retrieving folder 1AhuOFDnwq_E-LN1xBH4V0LdxWdabkaeS 736023-UNI 68 S
Processing file 1EWpnW6ABXdEJJKy0KpxON49R0o6-RpFA 736023-UNI 68 S.pdf
Retrieving folder 1SimEbLBxuyuP2WLwyYEBsuyqMd4YXjzy 736024-FoodProof UNI 100 S
Processing file 1DyDjBmN2v6C00IKFe19B7dsbN0ZZQQLQ 736024-FoodProof UNI 100 S.pdf
Retrieving folder 12JvBHGAlr2hjjRQhZagFPes4GgmNxWcb 736025-FoodProof UNI 150 S
Processing file 1e5YuTl09bEUQyeyzMePYFHmg_UAF2V1I 736025-FoodProof UNI 150 S.pdf
Retrieving folder 1M8kAON4-WCPORoJAh1LW9qdLrOh5ylVK 736026-FoodProof UNI 220 S
Processing file 1xYQKqs2pFAWSsEMekJSvCHxoJND_KL0U 736026-FoodProof UNI 220 S.pdf
Retrieving folder 1NyF6rUUGZCPHJPNCEg51jRAaoQcJg3HL 736027-FoodProof UNI 320 S
Processing file 1n6e8zLNKiILKjSndtw2WfJuDUTTu4oDC 736027-FoodProof UNI 320 S.pdf
Retrieving folder 1No5xwTqc9hS2SAqt9rLiYFPstSxDUa_8 736028-FoodProof UNI 460 S
Processing file 1R-3oRgcEMce77IrNZPCQQNrzcz-smojW 736028-FoodProof UNI 460 S.pdf
Retrieving folder 1RN2Kvb795ApeqPuGAj_XMsIvvbB2h2Gd 736029-FoodProof UNI 680 S
Processing file 1zMZHUu52uYI-7tT1CgTfGv-uGGwciibA 736029-FoodProof UNI 680 S.pdf
Retrieving folder 1D25qbprgrEAyDVNzzkv3jsfiOC9tumSZ 736030-FoodProof UNI 1000 S
Processing file 1fnaeM1VQihNhJoel-cy-oex6ai_q-5vJ 736030-FoodProof UNI 1000 S.pdf
Retrieving folder 1hZUYsTp7QDzb4fEo0MtR0Wk1ED1eYMIe 736034-FoodProof CLP 150 WX
Processing file 14u2msT4n1MMiGznrG6mBWGKeiSFxgQxX 736034-FoodProof CLP 150 WX.pdf
Retrieving folder 1Lk3FQ9DR4r7d9nNb8RylGMRj7xKCk-Mr 736035-FoodProof CLP 220 WX
Processing file 1AtZqDIlx7lU5BkGGQLptlZriD1Q07sBU 736035-FoodProof CLP 220 WX.pdf
Retrieving folder 1AYNAWHNXFY_tr3sdzt4HwshSTphmdR3F 736036-FoodProof CLP 320 WX
Processing file 1FeQ6jU8zviNH5wQ7vPNfCJWh3ejmHtq2 736036-FoodProof CLP 320 WX.pdf
Retrieving folder 1MClN0bg-B3cOa9rRQEFeyYFPP9Qasfyu 736040-FoodProof VDL 32 S
Processing file 1o14XShnJR6dk9WrVTK2k7Q5PgvV5WtDA 736040-FoodProof VDL 32 S.pdf
Retrieving folder 1V_xrLGgXeZeMweF-LqC6bw56ZEeVNV_5 736041-FoodProof VDL 46 S
Processing file 1PjLFUNx9x8P0F5xx7pPDuMByvSV9uhkL 736041-FoodProof VDL 46 S.pdf
Retrieving folder 1qLU98JnjRzvggaa4Co7viEtN8qsL0bi3 736042-FoodProof VDL 68 S
Processing file 1hVMerqrDhxA5bo5MnT6NbFe48twVdB0K 736042-FoodProof VDL 68 S.pdf
Retrieving folder 1d7ylS3j6aV7T7rVQx6PZUV69OJv20QZ3 736043-FoodProof VDL 100 S
Processing file 1xC4KuCxam2cr6s3ODQtg_sLeMUdc2iPT 736043-FoodProof VDL 100 S.pdf
Retrieving folder 1X03H6cgmG0W80svyjAwo-bHoUcK9OYcW 736044-FoodProof VDL 150 S
Processing file 1tXG4rYxIY_Rip05DK0fnvu8wuc1wU4Ma 736044-FoodProof VDL 150 S.pdf
Retrieving folder 1It6F2Y6LGnc0qYrTuYj2j6__eMGz9ZDd 736050-FoodProof XHF 15 S
Processing file 1deaVcXtdNaRZ_D_GGKbk_-fT73DRJ_LN 736050-FoodProof XHF 15 S.pdf
Retrieving folder 1gLuuUfsrkOW3XBb5BFTpUBN7NCaTmR76 736051-FoodProof XHF 32 S
Processing file 11ErxB6NaHo1fq68cg3EpJFekw2oOn6Y- 736051-FoodProof XHF 32 S.pdf
Retrieving folder 1UojD_YmsGd8nfMr46f2B3qtrJIGd-gwW 736052-FoodProof XHF 150 S
Processing file 17pgJX5NJudR1AF-N8-GV23K3ke7dSrtV 736052-FoodProof XHF 150 S.pdf
Retrieving folder 1S90_ECbk80mhu1Pr40D3oL30F8q5oSDH 736053-FoodProof XHF 220 S
Processing file 1G4eSuNhLjXn9Q5W5J_DPr4Myh5rXXjTk 736053-FoodProof XHF 220 S.pdf
Retrieving folder 1QI_QPf8jtlXcTSuPHR-L8-YB3xK-6Jxp 736054-FoodProof XHF 320 S
Processing file 1Q09xQ4EsH5dw1QU4kdmqnrRKAYXDvKuD 736054-FoodProof XHF 320 S.pdf
Retrieving folder 1Y5hEsWbV82GPMNgiZ2ECaXyLk6v3hHxi 736055-FoodProof XHF 460 S
Processing file 1Gz9aloE6Prj1v2vmo5zJjeBtP4G4Pt60 736055-FoodProof XHF 460 S.pdf
Retrieving folder 1_0nvf0OUSyZ8kfhyGjCk6N0fwAmE1UJk 736056-FoodProof XHF 680 S
Processing file 1p82vExh8-yuPLozefTsSVn3ZgEHKS45c 736056-FoodProof XHF 680 S.pdf
Retrieving folder 1wRMK2ZVrccGA_6upIyoAIi0qI8G8tYoI 736057-FoodProof XW 32 M
Processing file 1Bgu_E4jNDiJy5EorfC1jOEf90Ap5RScn 736057-FoodProof XW 32 M.pdf
Retrieving folder 1JKmc-mtw3HBhd4-tZbiIYUFZ8ii3J7yq 736058-FoodProof XHF 320 HT
Processing file 1PgQg86_Fuxc6ajLDPieuMKwY09D9Pyxc 736058-FoodProof XHF 320 HT.pdf
Retrieving folder 1sBXlnBfMzvdzWGX98uvqkWgGpd7IvSjI 736059-FoodProof XHF 460 HT
Processing file 1UqQGOp3sb7VPLLQMOEZOptqapvzo2TL- 736059-FoodProof XHF 460 HT.pdf
Retrieving folder 137w49N8zQ2UOw_8Xv4aM6lkAKvqqDtGC 736100-FoodProof Uni Cleaner
Processing file 1F8ugWAsggflK-Dyrk6FANNVolSYVnzLw 736100-FoodProof Uni Cleaner.pdf
Retrieving folder 1S2i7I_j1aJmAxUThF4wQQWTMRgeGd8o9 736101-FoodProof Special Cleaner
Processing file 1T4mdJuvlRMjRFSb2MWDrtOYpLVmrpfzX 736101-FoodProof Special Cleaner.pdf
Retrieving folder 102TQz-i2-kqVIKrvkKU_f8nYXV0YdsUo 766004-Cliptec XHS 485 FG
Processing file 1zx38JGduyBeag-jjzgqci5E5CSieO4St 766004-Cliptec XHS 485 FG.pdf
Retrieving folder 1BOMWMicuRkHUMyR1ZGH37JorxB-GrIPm 766006-Cliptec XHS 285 FG
Processing file 1i_SsaQolWoPTfSjPhkPL_1W2bezKxReQ 766006-Cliptec XHS 285 FG.pdf
Retrieving folder 12YmUzOgNdWUnk3YQ0uOyJGgV9-jU2Dyr 766019-Chain System Cleaner FG
Processing file 1jceoBwMbhP3cLFBE2xcD3fi5jn5vUcdP 766019-Chain System Cleaner FG.pdf
Retrieving folder 1zgnnsKBScblDe28D1ZfxuNWHotcoVgZb 767021-Plantfluid
Processing file 1kj8sgnh9bmgtHChA5764WSlDMpJlhVnA 767021-Plantfluid.pdf
Retrieving folder 1TZtQAM6ra7kjQTrmLrXr4UciOjr_ZuS2 779016-Whiteoil WX 15
Processing file 1TnYhWiDpyRCVmakET1TZQzdl2ifwnCzz 779016-Whiteoil WX 15.pdf
Retrieving folder 1e9V7SprZrOG6ZjrOKx3BAtPaosCoUakQ 779017-White Oil WX 68
Processing file 1HZSXr2_T5RVWl__2wD6Sd1l4hMes9G5g 779017-White Oil WX 68.pdf
Retrieving folder 12w2BqhD26dBBX82iEqVTbPHns3Jj9nYA 779020-3H-Special Release Oil
Processing file 1WCFGzemSyGg-RGveGYE68tsHJsY_qQ5o 779020-3H-Special Release Oil.pdf
Retrieving folder 1MBjkhWA01wb-gZDN0EiA-p6Pe-ss9UWB 779041-Whiteoil WX 32
Processing file 11DQJvaTp5r3z40Jt-lnarZ7zCoTpixvL 779041-Whiteoil WX 32.pdf
Retrieving folder 1H6h1sYRpEdV4iLwfqCHYo6FBv5tETEDV Lubricating greases
Retrieving folder 1Izcgqils5SQ_9E_l2_pbb0C2s6jlD0YX 717020-EP Multi-Purpose Grease LM 1 EP
Processing file 1dk0PlAK_-rIhvKb4WWS-g-IYCXMj5VeO   grease 3_ (1).jpg
Processing file 1tb9hmSd4XF0VJ_Ne0vuG1L7SrHa6gLZm   grease 3_.jpg
Processing file 1_1VM5rzYvWSLg24LtTFsX2AibOEZBlPt   grease 3_1.jpg
Processing file 1lruDKWX0LhDR7axxOBc9QkhPjwuwxnZb 717020-EP Multi-Purpose Grease LM 1 EP.pdf
Processing file 141YQsYKZmvKmf88gTsMVvx13IDJNGs5g Drum4.png
Retrieving folder 1ej2m8WFyZsa-dqE9eluvS4awUYKylYXE 717021-EP Multi-Grade Grease LM 2 EP
Processing file 1lkq6RV22F2GRYwpQZrZHv5uowRfoHiMG   grease 3_.jpg
Processing file 19G6e-LwZjyBKXxQotH5QdIjelGI3Zuwn 717021-EP Multi-Grade Grease LM 2 EP.pdf
Processing file 1OmOdrSEaVx36C-Svc9Mq5x1W4_nqft8F نسخة من   grease 3_ (1).jpg
Processing file 1wNqQroXdxrh-2uSqlHm0WiHraq1uU1VM نسخة من   grease 3_1.jpg
Processing file 1qHwwUXr_r4b9H7IDhWOeie3M5dF3ZFvE نسخة من Drum4.png
Retrieving folder 1IgPC1MaxkWcftP208v9J-vs_2Y5fE91Z 717022-EP Multi-Grade Grease LM 3 EP
Processing file 11g8dkWdQbueE9bhASnPpCYQrwqsm7SFC   grease 3_.jpg
Processing file 1FkatgUsLz0LGCaf22qU8P3BZQrO7t6rk 717022-EP Multi-Grade Grease LM 3 EP.pdf
Processing file 1uGr8ziH6QZpWMnj-0Vy9LLCblyni1VWj نسخة من   grease 3_ (1).jpg
Processing file 1mVVMg_Z0hDJe8WbjPyiO5FipmJFju-KS نسخة من   grease 3_1.jpg
Processing file 1DuZ5X7Kg9mIvZv7ygUU1fQRctjPUfmaI نسخة من Drum4.png
Retrieving folder 1Md8qTJ1oHRwiQ0MroT-vENd9Fs5NL3uH 717037-Granule Grease HT 2
Processing file 1FwOuQDBhbKq8a0VYUoL2em3_jOpCKMZP 717037-Granule Grease HT 2.pdf
Processing file 1pN7aRZanf3pH7sYZmBWsBnWbwxwtRzYS Drum.png
Processing file 1Xsq6IzuLMAJVxQnwcA1lOhr4q4EWFV4o grease 1_ (1).jpg
Processing file 1XO_r6fYovO_fQ7Ehic2i-jGpqJ-dhkrT grease 1_.jpg
Processing file 1r_upMclP-ZAK08O9Uso1SdkKXW6eSYwL grease 1_1.jpg
Retrieving folder 10ldyO-OgAx4gb-gtF6znHmlOOkkFYCka 717040-Liquid Grease SGA 600
Processing file 1AOtuQLuUK7TaBHB87kOGcVZo7TBkzhvH   grease 4_.jpg
Processing file 1-zc04A0PPpmnI_6VmyU7szQ7mqjDZCLH   grease 4_.png
Processing file 1ETgi6cYNo6ZV3FY5bgZmE_j0pxE4SeHY   grease 4_1.jpg
Processing file 1I3PQTmJ1ceRz6Beb74E9FZNBCfkySEOD 717040-Liquid Grease SGA 600.pdf
Processing file 1coe3dD6NuTQGYpOCduqH-wl8SM92VyDx Drum5.png
Retrieving folder 1YCcwBaQrEX_TbyuYLfSer6pSjcC6yBVT 717042-Liquid Grease SGR 4-00-9 P
Processing file 1DiqVLK41ioHQxLMLDWv6XfMrO19Sgsxl   grease 4_.png
Processing file 1-RzzTg86zmDTPvRlRrbPi2qpOIeugRBg 717042-Liquid Grease SGR 4-00-9 P.pdf
Processing file 13banitX6TiJHwd9kygDQYQ83p987q7-u نسخة من   grease 4_.jpg
Processing file 1RE-HklXIwuy8Wy7YPcXinpw8ZUb_Rv_q نسخة من   grease 4_1.jpg
Processing file 180Jm3MYLv__DFXOLe2F2dEP2mS7X4mC0 نسخة من Drum5.png
Retrieving folder 1Bmw47p_G51vjUPMNpY8d7klHTZEIq4kI 717043-Liquid Grease LIC 000
Processing file 158jkmXi4bnI3q_-ErwQoxzOC4pCFgBIz   grease 4_.png
Processing file 1sqdppT3cqi-O9FPomEzqmGCAwGbxzYY8 717043-Liquid Grease LIC 000.pdf
Processing file 1jNwfQDI2RYqtdNdDGxMQJMkxjAPSXurW نسخة من   grease 4_.jpg
Processing file 1zzDEkaFbxMFDcz_uh8JndSwl04SddI73 نسخة من   grease 4_1.jpg
Processing file 1SVlxqt4Oquq20FCtQTl0VaUuW1ZusMW6 نسخة من Drum5.png
Retrieving folder 1nNPJxdRoG0331KunDYIMlE_Ems_34tuI 717046-Drawing Lube 35
Processing file 1K8UMz_48pYKY7Qa4JeTOlqxaFRYXa0Gx  grease 2_.png
Processing file 1iaPbTqdzRg-OCxn_uWZh6JEPR9pkZlzO 717046-Drawing Lube 35.pdf
Processing file 1FmsRf-Wusc5VGDZchB_vAAmKKEVUMefd نسخة من  grease 2_.jpg
Processing file 13qpOhNIXHqPGe3g7nVjxn17a_gl2Q79m نسخة من  grease 2_1.jpg
Processing file 1AGVNb_6WOH2vajFwAmYvXgHrQwn19c5B نسخة من Drum3.png
Retrieving folder 1U9dZR31HHu9DsP9pFaae1RZHIy7ybQlf 717049-Chisel Paste
Processing file 18Vpy67DFAnwGKIsLr7xmslD2mNjM0gZQ  grease 2_.png
Processing file 1bRAWzjb9BNQR7I_Jq2n8U8HCUTvjLe28 717049-Chisel Paste.pdf
Processing file 17Bkfsk-2Mo3Xfr-TA-sJJsnB313iAKpZ نسخة من  grease 2_.jpg
Processing file 1pn4D23fQNw9v5qLrc7Xto4evz01qyA7c نسخة من  grease 2_1.jpg
Processing file 1KAufVIGq8ae04TFos8ees7b0pQ3w3K9_ نسخة من Drum3.png
Retrieving folder 1eFV3avSzUjoDEccctGuIUWP9BGXHrK-1 717050-Multi-Purpose Grease L 2
Processing file 1SU5hNZd1k5yQQM2xx98T3XHsK01d4gzI   grease 3_.jpg
Processing file 1U4exH_k-5qzO1L2HdyXd4ztKkc9yU_Bd 717050-Multi-Purpose Grease L 2.pdf
Processing file 1se4NM30WFoButhV34JDJuN19altOtOUN نسخة من   grease 3_ (1).jpg
Processing file 1w60c-FwJyAA3zv88JM8l6xBFYM-KZkJG نسخة من   grease 3_1.jpg
Processing file 1NGcVr6f4Rz6Xa30radXsPA3u-wvP5NVP نسخة من Drum4.png
Retrieving folder 1RYQvl6g8iDwIA_yUyqUxohzUT9Ny5anB 717051-Multi-Purpose Grease L 3
Processing file 1YKcoM7lhy1m8QYoj6RiKLVm3dxSHUsBb   grease 3_.jpg
Processing file 1Lf1dA9GE5ec9KAFv7x36R36gwYdGveq- 717051-Multi-Purpose Grease L 3.pdf
Processing file 1r_LoUfZos-Ued67QN3PEwT6ZDFCzp-ho نسخة من   grease 3_ (1).jpg
Processing file 1ioJRJniAMenQm0YJgVBi7T3-8p5x9RQq نسخة من   grease 3_1.jpg
Processing file 1-p5LAGZhpzEsi0GPTflN3Z4rNl-8zHKU نسخة من Drum4.png
Retrieving folder 1-97-vJ8dETNsySV9vIBuKc2P6fcXrluy 717052-Multi-Purpose Grease L 2 G
Processing file 1Jb59MlSQneouOFaH-CMjN6DzX3owHMv7   grease 3_.jpg
Processing file 1WMq2Ep_z4R93FKwSWMNOm71-f_IYzA1R 717052-Multi-Purpose Grease L 2 G.pdf
Processing file 1flJ7O_S6Itb4qtRijnbeI3KqB9ZrLMpO نسخة من   grease 3_ (1).jpg
Processing file 1zrhT3RwqlGnmv7PDDNqD3kbJ_4Iomu6u نسخة من   grease 3_1.jpg
Processing file 1aZW_C-PYhmSxuwTdeiTA5xtPMtdZXnHG نسخة من Drum4.png
Retrieving folder 1u4zGtj9nhsYP_NlgD9TbaCzpaUmTd26L 717053-Multi-Purpose Grease L 2 MO
Processing file 1yzXiMae7YOal8WiyR2nyugO8Pf1aGSqj   grease 3_.jpg
Processing file 1lX9WzZjM648lQ-fASJIQWzu2cT2PMku2 717053-Multi-Purpose Grease L 2 MO.pdf
Processing file 1wlf2OrOZI0vQxGWko-oc-RcrMfZ4NttW نسخة من   grease 3_ (1).jpg
Processing file 1meOVlGk6-ZZAAsa2TjLJ2B-4na0Kgep0 نسخة من   grease 3_1.jpg
Processing file 18fkhK6QzZUQ_ephddi5T1rZBjRNtFRkO نسخة من Drum4.png
Retrieving folder 1a3EJehMWshiOr9S-A_SMxnP4HhhVntcL 717059-Additemp BG 1
Processing file 1tIhuVOEfqgA_KfDhLTtkAv0TVOonQOE0   grease 3_.jpg
Processing file 19I1QObrFrFiayXBHU7t0rfVcx3bbHSGW 717059-Additemp BG 1.pdf
Processing file 1P-nltnbUaEDKJdozhFMhUmlC6elrvEe2 نسخة من   grease 3_ (1).jpg
Processing file 10OBu0mOieSDyH0OTFMs9VYxZhbliziO8 نسخة من   grease 3_1.jpg
Processing file 12FzA3GSSjtbeCRCFPBKueJw45wpJQIid نسخة من Drum4.png
Retrieving folder 1k5DugroYLDMnXZwuz8QkLf3Nrf8zX4JR 717062-Longlife Grease MG 1
Processing file 19AGtdAlJgCSsKW7sWjeEgmbgeflNOCMT   grease 3_.jpg
Processing file 1LfxhdfZZrX1_Q2M2dGoLPrt0-e-JzkBf 717062-Longlife Grease MG 1.pdf
Processing file 1jO56l8SAMFKJ-ynWnopLAU_ew4s0en4z نسخة من   grease 3_ (1).jpg
Processing file 1k4rGzdkLHllbCJt_NO7x6z2z1h6QCnt1 نسخة من   grease 3_1.jpg
Processing file 1MzsewEO1wginDBdPcmMPFhDUNnvVmUhI نسخة من Drum4.png
Retrieving folder 1KsGgGbHz2D9OF9SRJrHxRxuLLjUJykUQ 717063-Ropeshield DF
Processing file 1ZHef0AZXPOO7mDF1iF2dOymTGu8-hccj   grease 4_.png
Processing file 1RW-eKY_BqC-4XBrh4yFkWt9CX20ewOoK 717063-Ropeshield DF.pdf
Processing file 1mFL3tv_9LKkSYUl_UWSK1v8oRAVuRoCi نسخة من   grease 4_.jpg
Processing file 1XhiNK2yR_RjUND9cGCNR_IloD82Q5Axy نسخة من   grease 4_1.jpg
Processing file 1bxUvnBpWrRhonbsZFFtbcGXUtnTB0c3M نسخة من Drum5.png
Retrieving folder 1InXZA87_8K2tHFR7so40aYn7Juxi6rW- 717064-Liquid Grease LPG 00
Processing file 1AhlXn4Hyu4LOpMw89pZ7_IrU3S26ES1F   grease 4_.png
Processing file 1JR0TcGS8ytGgmKdHRKd2BmagIn7y4DvJ 717064-Liquid Grease LPG 00.pdf
Processing file 1bCRu6n3fj7h3xgkD7MwJwI2kDDfN-TW_ نسخة من   grease 4_.jpg
Processing file 16IIYr77zMrqTwQ9dQESvhOg2uHFTb2gz نسخة من   grease 4_1.jpg
Processing file 153ewWt6Rsc7_w6_WnDQkFWJpJ6C90YNf نسخة من Drum5.png
Retrieving folder 1HUWuhHQUufkPOSolwaDSRr6_Wa7gc0ch 717067-Addisil WTG 1
Processing file 1nuJN-HggNbgUsco91xzsgmw-n324YsJb  grease 2_.png
Processing file 1fK5C56pxZLbnTkfjHt0pnDbPAsVwTdTk 717067-Addisil WTG 1.pdf
Processing file 17Ajc9iWuGWx9Eg5gaZWjVuhB2fqyLmm1 نسخة من  grease 2_.jpg
Processing file 1G3tUzEfvRm33EgnB74VwspB2LXoqCmy7 نسخة من  grease 2_1.jpg
Processing file 11B1P8PEONy1GlzgJTL6iYOAJXamyqanh نسخة من Drum3.png
Retrieving folder 16QTaiJkhv1Dgk0eyCxLxRX9WA8iL7HfD 717068-Granule Grease FD 2
Processing file 1BendqR_6kIlRNcnL7fFxRLQJ6KqI_l4E  grease 2_.png
Processing file 1ug4reLJD5eVQy4HNFDrKkEIEsJZpOVCX 717068-Granule Grease FD 2.pdf
Processing file 181MvAO9qU3H0hFjDgGoDub417E_yYjbv نسخة من  grease 2_.jpg
Processing file 1HGHmY34p26euTXuT4jPjW8uxnR6mp0LW نسخة من  grease 2_1.jpg
Processing file 1ncqXehUIOrgz6oYGZwIx83BCLA5830Lp نسخة من Drum3.png
Retrieving folder 1JGSZOxe9K45EkciQo14-paTgu7A1njpF 717078-ADDISIL FG 23
Processing file 1OwpQAnp4lgVd6NQPqtgEyyBzqjvj1AIk  grease 2_.png
Processing file 1rdWJ5u8jTAyl8V2FUrG8z9VfQ6O4a5jS 717078-ADDISIL FG 23.pdf
Processing file 1CWaeuE9j15aA0SbWl6IazezapELX0ZQy نسخة من  grease 2_.jpg
Processing file 1fKKIjr2-BjEiBOuTl9mAJjUFep8_aqih نسخة من  grease 2_1.jpg
Processing file 1ybkFTB47qJwPGQWHW77jEtp35mAq85-y نسخة من Drum3.png
Retrieving folder 1Nf5Y0iKTqtVs22rXUmqtdvvz-CADBqfH 717079-Addiflon PFPE Premium FD 2 Plus
Processing file 1WlqO2UZawvfCoVBJEtUSqwLy0gD7xcnT  grease 2_.png
Processing file 1HcrS29VM0KWNOGCAAEX9jT-h_J1BVGdc 717079-Addiflon PFPE Premium FD 2 Plus.pdf
Processing file 1KS_QjRHDCFZUsOtsInOLsWXE3RQ_8DHw نسخة من  grease 2_.jpg
Processing file 1rlhRqqioP9JUsepIVtxkEaEa5VZOyFPo نسخة من  grease 2_1.jpg
Processing file 1APCu8wObp-7nGoVo4VZGFerG_vAk6nuK نسخة من Drum3.png
Retrieving folder 10H4PSILXB4mkQ82mWkA0_Zjqd4UDqowf 717081-NatureProof Super 2 LE
Processing file 14LVEgvzbbizr5RMRM6NSKNKb81TydM65   grease 5_ (1).jpg
Processing file 1MS-gSP1I-igqPL3yVhqEum2J-r52saFh   grease 5_.jpg
Processing file 1QDcQl8onGiQhLiGX-Lho6ysFROGJqmRx   grease 5_1.jpg
Processing file 1vnf1kG35sbI_lrtXrln-zi2OBNGF4csU 717081-NatureProof Super 2 LE.pdf
Processing file 17bi3C8wgM1A0qmaA6kkvL63PWr9ClY8N Drum2.png
Retrieving folder 1S2L3_KQM4JITLQJR3u60ff91kF6X42aR 717151-Contact Grease EL-K3
Processing file 1T1Wke8Gs9RA8jTv7GYXuxHttcvzCtrWZ 717151-Contact Grease EL-K3.pdf
Processing file 153Zsr9Wa0QLc4ulIcdGOsEcRci_zjKj5 grease 1_.jpg
Processing file 12-ayVgia-peLCTZJpcoc0NAcfbOWL_Z7 نسخة من Drum.png
Processing file 1sJFIUVrb9btD_A6UXxoqu2uO0ooGp8ao نسخة من grease 1_ (1).jpg
Processing file 1_GiuhlOB88gpxVL2g2Y8hH7U27Qs-aiJ نسخة من grease 1_1.jpg
Retrieving folder 1r8NgtdlQPERqsRk8sWy9EUzIJyFBaSRv 717190-Granule Grease 2 Plus
Processing file 1scExaIaMI3qfcKNVBsR8DydTKkJgKXh_ 717190-Granule Grease 2 Plus.pdf
Processing file 1eC8Gz0RlVQtu3bMhu6O01QI9davtsPmg grease 1_.jpg
Processing file 1eaJAUZjH3QDgjN91gqM9CvPFgUMUtM1w نسخة من Drum.png
Processing file 1dwZqA9Dcs37dBEiW7m7rmuMNi7vAPXtU نسخة من grease 1_ (1).jpg
Processing file 1o6YuhxmSY17fbKSt1fZL2cp5cZ0TvqSU نسخة من grease 1_1.jpg
Retrieving folder 1z_zPOmKiQ4aTIrscNBD7Ufti3g292ywb 717196-Multi-Grade Grease CS 1 EP
Processing file 1cwZv8uaJnwKGdIhTOs49zm45jIJyaSlu   grease 3_.jpg
Processing file 1VSGbTrPFijIMBcIUBfEj73U88AniMDx7 717196-Multi-Grade Grease CS 1 EP.pdf
Processing file 1ApvRQJgpVYorBaOuSGxqMOEtKzb_JZn_ نسخة من   grease 3_ (1).jpg
Processing file 18rZetMYoEOu6oS0WBQv6vWX0QdWLfgdC نسخة من   grease 3_1.jpg
Processing file 1q7--U801H7xgUIrzF45tV2xBxyoXwFCX نسخة من Drum4.png
Retrieving folder 1IdYNiojyEKbwF0Byxvyj8gKV_5nq1Fp9 717203-Longlife Grease HP 2
Processing file 1DSjaRF_1fFo_96nUP2yj0SFp5o4lFGWv   grease 3_.jpg
Processing file 1xheNXYHlve4UBI3cPqwFDX3W4FcwvSOs 717203-Longlife Grease HP 2.pdf
Processing file 1bk6GlQsISN3cIItLKj2rbMmmvNHZiQ6D نسخة من   grease 3_ (1).jpg
Processing file 1CSPHFr4St2q2uBwMgUE_0FT7pVw6gxdi نسخة من   grease 3_1.jpg
Processing file 1peehjeuP43pymyB6B7LBXZBjnLn0pKKk نسخة من Drum4.png
Retrieving folder 1LXIfuizZhbG0fv860g0gsnZ_aEQaufOt 717204-Multiplex FD 2
Processing file 1SONAus-JoNhbSrrBdg7kKM4DFRAynvWH  grease 2_.png
Processing file 1Tqeo6iJYj9OYKuxxThfcdC8E1eqRooWI 717204-Multiplex FD 2.pdf
Processing file 1JgkyF-dLFkqtT37tBH2hct7DCai_YyFm نسخة من  grease 2_.jpg
Processing file 1-wKhxCgok7E_UhoqjHLtA5Q5I6mk1Qhg نسخة من  grease 2_1.jpg
Processing file 1F5Vvy9q1qxuRpVF57GJ7c-1-ZvQbQTgF نسخة من Drum3.png
Retrieving folder 1Y_4XWB-7d5gkbSWEQ7Qx6uLFEf0H_6c6 717208-Arctic Grease XP 2
Processing file 18obD81ARjFCNUv1rCFOgaM_JPexvYNLm   grease 5_.jpg
Processing file 1Hh4mMIFLelRpcV4phJ6TQOByxw4i_bWC 717208-Arctic Grease XP 2.pdf
Processing file 1I-66gAzFAkigIUCVtl5WPNDjEDe10hQg نسخة من   grease 5_ (1).jpg
Processing file 17x-HLC67lWn76nM6FemX9DJXwnlyafNT نسخة من   grease 5_1.jpg
Processing file 1ICM-PUPcprA2n63QHTi_uu6dfgechvxY نسخة من Drum2.png
Retrieving folder 1UtFt3lHn16by0gjQ4HUBgNkCPrUJ_4mV 717210-Adhesive Lubricant OG 0
Processing file 1EtmfbfefPrj0n2dnkLhigcNuWt7TRglX   grease 4_.png
Processing file 1ZM6KaGoX6kRC0mFyGRMrhyBtac5lgD_0 717210-Adhesive Lubricant OG 0.pdf
Processing file 12xZXkTiTV7yJn5HhJrjV5adj5DgUh-qG نسخة من   grease 4_.jpg
Processing file 1thIj8XKePEkclBsYJLgfIVI-NcjDri2y نسخة من   grease 4_1.jpg
Processing file 1V1kGxadm4wBRnsG8Nk4jegP3uDe_J7NA نسخة من Drum5.png
Retrieving folder 1HqVRHNEtua2I7xjq_WSxyAiWf--4b0Xt 717216-Anti-Corrosion Grease SW 2
Processing file 1iyaFBDIMRFyno9189N75iqZnL4gNPvrK 717216-Anti-Corrosion Grease SW 2.pdf
Processing file 1_HUYgA6ixZROL9XnhZOG1DSKVkINzh1e grease 1_.jpg
Processing file 1KfA42V3_bt2BLLHlFfyEHagforuRvZMK نسخة من Drum.png
Processing file 1VPh8Ru4igRwV3GlDnrpkQ3kuBBg3fa1a نسخة من grease 1_ (1).jpg
Processing file 17SkfW58RCdURaxEbDcdZaqHGBb75lIbk نسخة من grease 1_1.jpg
Retrieving folder 1Sz1wx-dhEmDSRAWTDlm_ALuF-1za4Iu2 717217-Ecosynth Flange Grease
Processing file 1C94f7fR3rKtajkTBW7TT4Cc6wAjLaHlO   grease 5_.jpg
Processing file 1V2TXdn8WtYBoSAAKnG-DXFPtQoSW92kr 717217-Ecosynth Flange Grease.pdf
Processing file 1sqtlFSqBKlcDNkrFupC8Ez53TkJtIcZQ نسخة من   grease 5_ (1).jpg
Processing file 1co2_whHCN3XI32v_o5NwNBn2HBacXIaB نسخة من   grease 5_1.jpg
Processing file 1rObFFy0uQROd-VLpJIbg4NbEjMZF44Xd نسخة من Drum2.png
Retrieving folder 10vl1wIALDWcetl9n39UXV7c2C6KPbLk- 717223-Anti-Seize Paste 23 White
Processing file 1egGKkk3LYTAiUUtRxdmYRNcatpvqO7EG  grease 2_.png
Processing file 1Uaxq5jFs-OC292a3Gzf92puo-WxYveuv 717223-Anti-Seize Paste 23 White.pdf
Processing file 16IryxJICKGNUrHNE_1zpsRoRJRF3ktWh نسخة من  grease 2_.jpg
Processing file 1SK43qSK2vrOdy0qjM3ubDQTgtWH11Tcr نسخة من  grease 2_1.jpg
Processing file 1AshuyhlqrEugM0Vp3XdVhtoht7tQ24K_ نسخة من Drum3.png
Retrieving folder 12Of1-ZaT4gvdMGsPdnm6IsFaoZDvvhar 717225-Multiplex XMK 2
Processing file 1ukW-H86rNOFQTosky83VhQyo66_fwImA   grease 5_.jpg
Processing file 1b0tT6hMnRNmvgEgk8JXqxwyj0FxPu0zU 717225-Multiplex XMK 2.pdf
Processing file 1SJIIt1dU23FadFmwQCdz8mbHUHlHxz-R نسخة من   grease 5_ (1).jpg
Processing file 1xabQE8oUHd70ofaFlWMuu42WTz6BMfRf نسخة من   grease 5_1.jpg
Processing file 1WanWT7YB8S-GLNBlMRM1FJ0inAshnmHj نسخة من Drum2.png
Retrieving folder 1TsiZYwEP3qlzlS9i70wK57Q-tbZL8MTR 717227-Longlife Grease HS 2
Processing file 1n0Mld6I6FSfRLNJTyF9ikENvQRw_ySGF   grease 5_.jpg
Processing file 1u1HubIXXNDB5NXogW2fhbvjHlRNo-Vov 717227-Longlife Grease HS 2.pdf
Processing file 1RpN08XbMe1EqSXPoW4kG_Z9-y212PfzA نسخة من   grease 5_ (1).jpg
Processing file 1fI7XRS_ONTjtE-R6_5n6iaW55v4U1nCU نسخة من   grease 5_1.jpg
Processing file 1dVaZ3uzszCdXOPiHGw5x2crSJnVnMAOv نسخة من Drum2.png
Retrieving folder 1hb8X6E_bo2t7pVtp2DnInFzRCZ2gwUu7 717232-Assembly Paste HTP 700 PG
Processing file 13-X-DghgXi9n0WbZ-7QbhYtC3Bok8Oft  grease 2_.png
Processing file 1vdzGYv4Ljppqln6msWBYEhw1TyjC3kgt 717232-Assembly Paste HTP 700 PG.pdf
Processing file 19xaXau81im7QpjBNdxyZgBEPwk6LKdDs نسخة من  grease 2_.jpg
Processing file 1jAUCe8y_sPuHqP5WojkOHPYfDqzjXn6Q نسخة من  grease 2_1.jpg
Processing file 1PcK8XkMziJwQM8GYBg6d9yeqd91zP9OE نسخة من Drum3.png
Retrieving folder 1FANAF5Zt7p6_0DioBBlj8BPsnabLiUJ4 717234-Ecosynth Flange Grease G
Processing file 1e3dhiq5ir_0oPnJbfJn6GY5AbuDii85a   grease 5_.jpg
Processing file 1mTZYczE1tf-OvDsKCMX1S2gu4M2U-Pyw 717234-Ecosynth Flange Grease G.pdf
Processing file 1qV-WExaVzk5inqKErp5jXTC3POIA_Ntw نسخة من   grease 5_ (1).jpg
Processing file 1GAty-tfr9F0L-oUgubrPTDdd0mpNzSC9 نسخة من   grease 5_1.jpg
Processing file 17ScQQgTwrQXHDn8n3yAHsC1IzWTkagOq نسخة من Drum2.png
Retrieving folder 1Jp80S-7yTxlpCsZbfFiAX9WeAmGXmWRk 717235-ADDISIL Extemp 2
Processing file 1eulsynY0hBpmh-qkgkDHu8vQTOdOmDvD 717235-ADDISIL Extemp 2.pdf
Processing file 1g2ZwiaDRmzbym7ua6IgAvU_fVRm6IpEj grease 1_.jpg
Processing file 17DK5cgIOuRM6Xqa2FslWR0rlQTki35V1 نسخة من Drum.png
Processing file 1YwlO7kSCPU9DkAwapXlw-tz3z8WbAwIS نسخة من grease 1_ (1).jpg
Processing file 1O6gV5f7CMMvputj1EczUyRwvqTMsFKdl نسخة من grease 1_1.jpg
Retrieving folder 10YLB9bEbfao_1mEtKblR4VN7TR_aGZX0 717236-Hightemp EK 2
Processing file 1sE6T4-IavLwBwKLZw0Lrh1OcOfntbIDl   grease 3_.jpg
Processing file 15qajiE0DHshyACmfw_Xbna9FT8eeqUHr 717236-Hightemp EK 2.pdf
Processing file 13eOGNkH5DGeGR50UVLACGmaJttIty3lO نسخة من   grease 3_ (1).jpg
Processing file 1oSeGeaDeEzck-ip6vTFDwDMOrhKTI4U9 نسخة من   grease 3_1.jpg
Processing file 1ZkD5IZojm9s-2g1Rc3-yXNRtwN9cuxlt نسخة من Drum4.png
Retrieving folder 1psz5OC8pSM1ZTM6EiJb01tfSju9qJhmn 717243-Addilith EP 0
Processing file 1ZoazRuaPuVitn1__ERr00ojzPWjkwRa8   grease 4_.png
Processing file 1dKZbowaemamqETkKsSV3XWBhsXw4vj6B 717243-Addilith EP 0.pdf
Processing file 1z-2_oVwmVo6_VR1AeKmMKskT8TBcnfUd نسخة من   grease 4_.jpg
Processing file 1J1fgwUk1ac2HWTQxdWI5lgre90oyE4WY نسخة من   grease 4_1.jpg
Processing file 1EjeYbmd6RD9kxEbaUlsfR3qq_8q4G9WR نسخة من Drum5.png
Retrieving folder 1x91aYopT1gkkO-hdwGcNbGpqbiDMTOr_ 717244-Grease EP 2 G
Processing file 1cmyKqA2ypN15WGD-vTkO7gf8I1RN1IT0   grease 3_.jpg
Processing file 1_d4_UlV6JoH2W9Tzk4DsC0_NCRxSiVot 717244-Grease EP 2 G.pdf
Processing file 17xSgKSpoqJWzTMsTh885cwgcSSyKmxTo نسخة من   grease 3_ (1).jpg
Processing file 1vc1appmAmPylE2PI1AMQNqZVQ5trDJkL نسخة من   grease 3_1.jpg
Processing file 1JHLwPZN6VIb4DI2P_A9PGMwagYiPVQEn نسخة من Drum4.png
Retrieving folder 1G8Axh1o9pbSETId2ps_jNXdzN5Yf9LAJ 717250-FG Grease AL 2
Processing file 1uZZOICPMuUwg67uM0uGK--qKZceiA4wj  grease 2_.png
Processing file 1Z8NJkS9IgkxAQgD3LBNWV9fBhCo-VYJK 717250-FG Grease AL 2.pdf
Processing file 1vbQB2uLme5HHcvJ3AzabL_jzfEHbyM_K نسخة من  grease 2_.jpg
Processing file 1M5p2MpRm5MNAaLBwaAgUfY6j6I67Z5ey نسخة من  grease 2_1.jpg
Processing file 1vRKnvlcYyqHcwMLmiBqjV7zfQM0isFck نسخة من Drum3.png
Retrieving folder 1tqhZsBxFKN8pse-gvD-DxCgdPxSEZnCg 717257-Eco Grease A 2-500
Processing file 13fLMRMnV6UE6LUwK_FtfuBj-IUnyv9RL 717257-Eco Grease A 2-500.pdf
Processing file 1tG64Mwb_4fwy7y6ZvmeLqnKH2qH5dZpR grease 1_.jpg
Processing file 1GnXfn-_YetRoDcMvWW_5YBm7Al1TiUpS نسخة من Drum.png
Processing file 14athzWWzoh-nd9le8BVnhC0fgWNUuNic نسخة من grease 1_ (1).jpg
Processing file 10H6ONNJTcVu5K_0-VdIgFWjlAd2ARQ9G نسخة من grease 1_1.jpg
Retrieving folder 1HhSBD5uDtfmyZfGF8VlCZgbYm4x0ITSU 717258-Hightemp MFT 2
Processing file 1bto-Me-eCbVGpBzGXKBFOMvAZFyTz2-D   grease 3_.jpg
Processing file 1yO3GirfgM14CPzrPBwIbph3ltIlYEOw_ 717258-Hightemp MFT 2.pdf
Processing file 1ptSqjAc-x00o5fUt0JTU7rZS2WasphVk نسخة من   grease 3_ (1).jpg
Processing file 1K_awpCC5SjfeSCt6AXOTMwjeqM-p3_pr نسخة من   grease 3_1.jpg
Processing file 1NmxZZp1Si_xREa2lbve-1e5N09xhOdHL نسخة من Drum4.png
Retrieving folder 108d1qKXk34Ha8MkggtHA-m3e9TGz4Ac8 717259-Combiplex OG 0-2500
Processing file 1HzHZzigZdfPZET03G2PGfzBwwJ1UmXjW   grease 4_.png
Processing file 1wK65pIaDlC2KFzKIzk9oqzKTBvvC0fOc 717259-Combiplex OG 0-2500.pdf
Processing file 1P3nqmj3hQSOsBzCEUOCrnEtbr628idfv نسخة من   grease 4_.jpg
Processing file 1ymcnsnLP5FdIUndBsaYFiJgpgtR6wgSC نسخة من   grease 4_1.jpg
Processing file 1_xxsz7bDXNpQCts15HuYIpncjHbx0XF- نسخة من Drum5.png
Retrieving folder 1lhjOyHXa8-YhigML9npWC_14uetegUbc 717262-Wear Protect SDE 2
Processing file 1n2v-IX3Cib2SN7l_Iny5asE49wjvVxF5   grease 3_.jpg
Processing file 1CMGVDSPw_YJs2QAJC4gucGOc_fcjRWtg 717262-Wear Protect SDE 2.pdf
Processing file 1K_CiLXp2aPSlIyVxDgWJHH5eigu0TaEG نسخة من   grease 3_ (1).jpg
Processing file 1LOc0uAZE5AwT-S4C-yBHvBCFW9WEV6SL نسخة من   grease 3_1.jpg
Processing file 1dhsNQGXSIl1eTtmLoKjxTM1stCMscsta نسخة من Drum4.png
Retrieving folder 1JFLNMZ_pFk3892RatN-PhNlYU2W_xUlX 717263-Ecoplus CA 2
Processing file 1YJ1V1Gq3YAsSeaZzi1YG2tQRZVZ3IZ30   grease 5_.jpg
Processing file 1U14QNGyQtHGJ8FG3DOEmxUc45dpfwC-X 717263-Ecoplus CA 2.pdf
Processing file 1WQjJ5x9XYh-QpCmhLIo9vbdw6vZeQZ0C نسخة من   grease 5_ (1).jpg
Processing file 1I7qxM7xkik-NW-bcEvKW242p-ktAWtxT نسخة من   grease 5_1.jpg
Processing file 1kUytOdDpTt4HYQmtkZI5duz0GP91BhhW نسخة من Drum2.png
Retrieving folder 1UnpE8ufMNXT76Zp-jiGLSpTsSbFd3ZiN 717265-Addilith EP 2
Processing file 1ocvJ9MVCX7r5BGEharJvN2y1X9uTM916   grease 5_.jpg
Processing file 1ebR3j7Og6KLhqZt3VrDlIKfAPqgvIQ8n 717265-Addilith EP 2.pdf
Processing file 1yOSs3tmiEeuzEr1Ih04XzJUFkOr6QN99 نسخة من   grease 5_ (1).jpg
Processing file 1o5IXAiTGfKR9on7LxxBKUjGqRNpcrCgJ نسخة من   grease 5_1.jpg
Processing file 1R5GmBAfO0jZv2d7skhiFwYNUUM9oRDsw نسخة من Drum2.png
Retrieving folder 1qNS3XLJCL7q1QuGNxfEgHCZWjN818tna 717266-Addilith EP 2 SL
Processing file 1y9MnFcgI19ZdTX8W3f5rKiCdHRHCcZvu   grease 3_.jpg
Processing file 1-nJzAF1EY5Wnb4NsoRTFU_OVzpoYibUI 717266-Addilith EP 2 SL.pdf
Processing file 1VUJ2tLSbS9BjuavJUwdDK0kmKKAX2XUJ نسخة من   grease 3_ (1).jpg
Processing file 1Jpza5KE98DnDIPw8GicNLIKsYmlbiZtt نسخة من   grease 3_1.jpg
Processing file 1TUZl1uu2QpY7xkQ6giY96xPus1-78JZW نسخة من Drum4.png
Retrieving folder 1ePsfnyA0guPfgo5dhzNwISXiDubHf10M 717267-Anti-Seize Paste GAL
Processing file 1lh7jon40yNH5EQe1pi4v5HiCpR3FC-8Y  grease 2_.png
Processing file 1y-ouTFFBMvWJk-MGTBAvxWjyYDKrZWPu 717267-Anti-Seize Paste GAL.pdf
Processing file 1sW6j9oNxCsXiGahUu19bgMbJJnARIxP2 نسخة من  grease 2_.jpg
Processing file 1oAaeVid8jZMPYjsVEhemWQ964zrjn3mS نسخة من  grease 2_1.jpg
Processing file 12HLEk_7h9G7VyIlsqqfSPN_h5XlbQafM نسخة من Drum3.png
Retrieving folder 1t3LADah2IXK6I6LSD-vCamsQTQwayYMJ 717268-Wear Protect RS 2
Processing file 1ztvG4Y_84TOoKw9697687H_Yc8aSLDDH   grease 3_.jpg
Processing file 19Av2Hwbu8cjkUuiPp4GbLpOt2zoOuGqD 717268-Wear Protect RS 2.pdf
Processing file 19QALBvSQdoiI0O-T5UeiiDxh1SmTf21j نسخة من   grease 3_ (1).jpg
Processing file 1xQXBGeHV8fLpfCB4kileljeSGWtAz9_6 نسخة من   grease 3_1.jpg
Processing file 1tWpxFiUMrWIzJC9LV90ZN36hS9RN7F-7 نسخة من Drum4.png
Retrieving folder 1COHyIxqVny3ghD6atD5BW4t8jM9JTqms Marine and railroad
Retrieving folder 1ogl1YBaNUgWqbYADHo7ydEpGaN6vMDFX 722071-Turbo Diesel MD 407
Processing file 1MZ3y_1X4dv8MaDDTCdCID-HM_Sj-i2P_ 722071-Turbo Diesel MD 407.pdf
Retrieving folder 1BOs_bXGAp2BdvylFJiqb4acV5pn-fOYM 722164-Eco Marine 1540
Processing file 1UjMzjhhywAsRWqZkd9XLg5nVDXoGzEdi 722164-Eco Marine 1540.pdf
Retrieving folder 1C2oiY1rvWPbeZEfJaBo8tkJUifBrg2sZ 723004-Marine MS 4011
Processing file 1lvW7Fjq1mfCGP49u_ckHcsmpAcGLNGen 723004-Marine MS 4011.pdf
Retrieving folder 19OSXIUB2kxa49SgxDB-uqPzSV5AXM8Km 723032-Eco Craft 4040
Processing file 1YB--cHKIB86Qwxpt6PmNOrTc9SOHjg0m 723032-Eco Craft 4040.pdf
Retrieving folder 1jCMPgT7bCmveQBnfwxe30s0c_4qR_MHv 723034-Eco Craft 4015
Processing file 1sq4uXMPSF6SlBZ1tqIgZg3SU5fu0uerQ 723034-Eco Craft 4015.pdf
Retrieving folder 10LLZoMtmD1DEB9ST9jz7P_Nq1dFyxNTA 725022-Eco Gas 4000 XD
Processing file 1TuFNe0w3mB2jHheBJN0kxYi-KJ8ISg78 725022-Eco Gas 4000 XD.pdf
Retrieving folder 1QEoaryuzIm_UDi-85SLmMnQqWy2r-IKO 725027-Eco Gas 500 XD
Processing file 1H-LNclnci_bBhwlSTbtk5NFgTPYKWBPv 725027-Eco Gas 500 XD.pdf
Retrieving folder 1085vr9yoxlPDig7ijbxpNqVBomXLW0QM 741138-Eco Gear GLS 75 W 90
Processing file 1OQTfRKeOuAFtejFStDq7kb-jsASmfo37 741138-Eco Gear GLS 75 W 90.pdf
Retrieving folder 15xHuPmbK56JvdEIEA695vR-l3JE6oQhU 741139-ECO GEAR GLS 75 W 110
Processing file 170L3OnYwq4Tuy948mq-zw5wKAiGYmL0a 741139-ECO GEAR GLS 75 W 110.pdf
Retrieving folder Retrieving folder contents completed
Building directory structure
Building directory structure completed
Downloading...
From: https://drive.google.com/uc?id=1zvd9wNw2zAR4u8AEyiVKYDyeXdwNvx7p
To: F:\imcan\lubricants\Startindustrialdesign-main\drive-root\Automotive transmission oils\721407-AquaPower Transmission Oil 75W-90\19 (1).jpg
13ucQBDY_mecRFQ7uWBOzHcQovLBqrIZ8 Metalworking coolants – non water-miscible
Retrieving folder 1VTFdScIFh78gklFNzNYkpmrSJ3wJfC8N 716000-Cold cleaning fluid M
Processing file 1yrU1FuUnyt9tnELUsOyWXTQKKsR8l71W 716000-Cold cleaning fluid M.pdf
Retrieving folder 1BXi1YaCYJ9Xdu5ga8Sm8EVaWbbBi6FND 770005-Hardening oil 29
Processing file 1jHdZ8hW5qOQxY-pvao7o6OSHJJV5EwIe 770005-Hardening oil 29.pdf
Retrieving folder 1AddJCh_SgXRjRNY000mgKbrDKG69hyWh 770039-Penta-Cool NM 63  
Processing file 1DyOpMZYspqzK92c3iWTrCu08KSOBaJ5N 770039-Penta-Cool NM 63  .pdf
Retrieving folder 11VHAC9VI0Ds0xycctx2ZAtF0yRd8tTet 770052-Penta-Cool NM 10
Processing file 1UC7kDLBQvLmuqatFPMIRdxU2Ts00ZPlM 770052-Penta-Cool NM 10.pdf
Retrieving folder 1hTAik2J8EFwaw4mxJiVnJWpDnEm2g1Ev 770054-Penta-Cool NM 21
Processing file 1dg3jvkTfrxvD0fEHf6TvWs-OuCuKb2aC 770054-Penta-Cool NM 21.pdf
Retrieving folder 1HvDqLwPSlPYEEvzFfxhy_FCl4J9rSVY0 770055-Penta-Cool NM 22
Processing file 1nfGTv5AUaO00ghRt0oBP8KqIEgf24Qtb 770055-Penta-Cool NM 22.pdf
Retrieving folder 1UU9NV38nzU06WRYFxB90ICz1N430RDZS 770081-Penta-Cool NM 14
Processing file 1JJt9T-0hjNLWG2-Dh2AB2m-IZEp9mWYM 770081-Penta-Cool NM 14.pdf
Retrieving folder 16vwoZnAlikXjp6oMM5KnVRXeJorECnfP 770100-Penta-Cool NM 80 MIN
Processing file 1mOUq08bDCb15F1Guk8buW36Bhyh7PtI2 770100-Penta-Cool NM 80 MIN.pdf
Retrieving folder 1JcW1eToVtCh3STqcAFkPnG9-H3IW-9Of 771001-Cutting Oil K 16 S
Processing file 1ojfM3H4ll37RSHbzb1X7VJ8K2NInXsPt 771001-Cutting Oil K 16 S.pdf
Processing file 1i4qbVdvZc9Y0CjCd7YRR078qqjbqMNPT 771001-Cutting Oil K 16 S.pdf
Retrieving folder 1PhAWwAw7Sr4XVuEdbyKgzbR6JsmSlEfW 771005-Cutting Oil K 33 S PF 30
Processing file 15IIJkXjxC_wJFkhAwa6ddYRU-0F7fJ-K 771005-Cutting Oil K 33 S PF 30.pdf
Retrieving folder 1vPhjAfCcKTYhduUgxBtUbeGPNlv5E7TR 771010-Autocut 22 A-1
Processing file 1tUBhnKApvoE4S0XiRDi-NqpVIXy9OaJx 771010-Autocut 22 A-1.pdf
Retrieving folder 1SgAXCRUZfmfzhq8O5ZAPeGkwmE6aEfOD 772012-Grind 5B
Processing file 1aq6j9pvWtW5Nw1vjybhNyak3HExjK0SL 772012-Grind 5B.pdf
Retrieving folder 1EuLd-9VF7rm4K4H5us0Oy5OFTcqS_Da- 772022-Multi-purpose Oil 32 ZF
Processing file 1LPzYwArbWFDCkFWL727JgnGkfzM8PcpP 772022-Multi-purpose Oil 32 ZF.pdf
Retrieving folder 1uybZUp7nRRKJuf5Cpm4ae1ZCtcPYWY-Z 776008-Form 150 C-ZF
Processing file 1iKVGDRYPkM5C3WuiTOjCwyiIbfq7uT06 776008-Form 150 C-ZF.pdf
Retrieving folder 1uvXpuS4LgNCE9oDAZ_a3q3KO1jhrjs-h 782030-Erosion fluid ED 2 L
Processing file 160hSsctDrK43m8DJwFgxzx7Mi_rIyuks 782030-Erosion fluid ED 2 L.pdf
Retrieving folder 1xnABzCO-OKv7_mfmf0f4hclAGB4FB6Jo 77100554-Penta-Cool NM 7000 N
Processing file 1htKSBLdYpkmAud-sCv9xuycX9q-dP4AW 77100554-Penta-Cool NM 7000 N.pdf
Retrieving folder 1rWsQZfMRw21uTY-7NoOxNOIUvVgFBpJc Metalworking coolants – water-miscible
Retrieving folder 1nH8MMAJfZhYR3K8pLb1BMbYx1Y42gT9L 770046-Emirates lubricants 
Processing file 1mjjthjyELym9Nqkw8Jxrw1uPmtOsj6J5 770046-Emirates lubricants .pdf
Retrieving folder 1oAidiHs8uC1FMzOUo6KIKl9RX9a_V5Dx 770071-Penta-Cool WS 300
Processing file 1mRtEFZXTxmQkyFknOdJ-xjj9Ek61fGDV 770071-Penta-Cool WS 300.pdf
Retrieving folder 1PD3R8P4_9bsWdnW17L22HZFrAgt-HqE6 770087-Penta-Cool WM 442
Processing file 1VVN2F063OEo3m_WEF-6XhtArTLEubKbJ 770087-Penta-Cool WM 442.pdf
Retrieving folder 13CQ8XPcDMutFRIFc8eOM1FXA21srlSpb 770088-Penta-Cool WM 102
Processing file 1d3dYNGAjwBFANsS_0ncApud27dI7hx_h 770088-Penta-Cool WM 102.pdf
Retrieving folder 1J0AioYxFZG8knUtdLconw-6cJZBEHoH0 770089-Penta-Cool WS 251
Processing file 1vNYQLkMAMVzvkzPsLQ72L9KXovs0L553 770089-Penta-Cool WS 251.pdf
Retrieving folder 1kyF8AgKQDEkwCktBgdBqIzwOx55vdv2y 770101-Penta-Cool WM 910
Processing file 11TxSDlNTQWfI0ZZU-JGA3bhNo854EY6j 770101-Penta-Cool WM 910.pdf
Retrieving folder 1chsmVpMYtB7Dwur7eqcywpXDOWHy3Moe Mould release oils
Retrieving folder 1L8AZwSp0K0g8TpMBQUTlA0s-9QWaxF4M 777011-Mould Release Oil F 10
Processing file 1LXqp9aUxlIoAZUmbSljnEeyLCr1K4cdP 777011-Mould Release Oil F 10.pdf
Retrieving folder 17EQHpXzx1TLOpKDdhAwCyaoQsZ0njNr4 777022-Mould Release Oil F 135
Processing file 1ADg2eG3hbu47AT4vAGDwuv1CCAtETWos 777022-Mould Release Oil F 135.pdf
Retrieving folder 1DYSTozRDUSTGxtqh0uSC_zzHxp4vga0k Refrigerator oils
Retrieving folder 1E7KnsJSNwYX3JgFc8Dh3v2uoRAP8hoGc 755007-Refrigerator Oil XKS 68
Processing file 1yk9AX0ELHVi0fKouON1oyT2XTUFBb5sV 755007-Refrigerator Oil XKS 68.pdf
Retrieving folder 1KSYVZqpERVp9uUdHv4elDMloUIXyUc_B 755009-Refrigerator Oil XKS 46
Processing file 1_dH0_3syV_uibcr_QQIwpwxe5MURCVHk 755009-Refrigerator Oil XKS 46.pdf
Retrieving folder 1Jmd91X9d05YZaMFSFn6gX3wbx_clr2mA 755012-Refrigerator Oil XKS 100
Processing file 1OvmmMWGHDSifcRFMhFmX1jMBhJkmzUjp 755012-Refrigerator Oil XKS 100.pdf
Retrieving folder 1qBKwi7OXQeWo7_0M6f1WTkuaz2nu4ydq Special products
Retrieving folder 1LMZ7mQ9tuj-G48A5GcqpHdZWYoSGZGPj 716000-Cold Cleaning Fluid M
Processing file 1ETWVN8uiZmVkhQtnNBAk2uq7ERqBY8Tt 716000-Cold Cleaning Fluid M.pdf
Retrieving folder 1smg5hj0Hp-H-fTnsgzHTXarCA8qoyd-4 716010-Addisolv D
Processing file 1emf-wliP2srna95SN76kuI9_ObwbPR55 716010-Addisolv D.pdf
Retrieving folder 1j90umsO8w3E60ZrdD4Quk-11u08kkw5U 717046-Drawing Lube 35
Processing file 1dchrls15RttxLHBNwMfszP41SXxdOsCr 717046-Drawing Lube 35.pdf
Retrieving folder 1d9rVz2N_VGhakOtcY5JRg_7vJsQ5NbdU 717306-FoodProof Cleaning Spray
Processing file 1XIQN6J0kfx0oFMlzJdhtmrip2jJJtbMF 717306-FoodProof Cleaning Spray.pdf
Retrieving folder 1NjUALOk_lYiSiC3zsDBXl_U_d5ZKzczu 765028-ADDITEX SW 22
Processing file 1P27LSL61hgfyrmQDQCt2N-fugbL2-maV 765028-ADDITEX SW 22.pdf
Retrieving folder 1S42G3PyJVW4LyavjH-sAUls2QrQfQN7i 765029-Additex SW 32
Processing file 1jepqxdm0xUK414rM9dr1wzVJPFW53F1K 765029-Additex SW 32.pdf
Retrieving folder 10FLgp4SXysOaH7lM0mdhO-VwSUJEZN2a 765030-ADDITEX SW 46
Processing file 1aLLKlwRgZKgrhp6-lpzri4RQfSpjX8iz 765030-ADDITEX SW 46.pdf
Retrieving folder 14V21HQ5jFCLb31t0ScNIIVe1mh9Ld0_h 779016-Whiteoil WX 15
Processing file 1HvzDAFlXZKR-7V1RCd1iyw5Lb9mxjnzt 779016-Whiteoil WX 15.pdf
Retrieving folder 1ORXnFdzEQjWUl7N8p6B10YQeN8P1DDdl 779017-White Oil WX 68
Processing file 1TQ4rI_Ik4eN6yIHxZeumm-ap6Vc8zW0e 779017-White Oil WX 68.pdf
Retrieving folder 1cMgohKQUHk--LEYYaIvF8XiVR-W5WSmT 779041-Whiteoil WX 32
Processing file 14QpNUJ9TRFfW-u1ffPlFrAZTaorOPCw4 779041-Whiteoil WX 32.pdf
Retrieving folder 1ofT4ayiP1EssSaWn7-BoMJ7Y7JNVXWo4 796009-Antifreeze FG
Processing file 1LJ0mFz-6U--77XwuI8Wj1gUpwUhZV56M 796009-Antifreeze FG.pdf
Retrieving folder 1M3DBGGsMmxynnrMvxHlNKwxUdi_Ipo5W Sprays
Retrieving folder 1P-EyvgSzoS5xgf8IZqQP6VWoS9wTW0xG 717060-Chain Adhesive Spray
Processing file 1nEn8wcR6GblAfmv--27GshpOrl9fJfYt 717060-Chain Adhesive Spray.pdf
Retrieving folder 12_FiG8SEdEBYnoWNrU7ckqEqvbnpolmO 717229-PTFE Lubricating Varnish Spray
Processing file 1vPYRRzw6hYAUuprn1CEateAhyvv8edFP 717229-PTFE Lubricating Varnish Spray.pdf
Retrieving folder 1Ce-KQVF7j6Ne94bXIZvF6BzWaOQwQnG0 717231-TSM 400 Spray
Processing file 1MBtYsu1FYdYHSv05KCnE4Znnjv8QkrHJ 717231-TSM 400 Spray.pdf
Retrieving folder 1ztLckqUb2XtXHUe09QR--SsIilIrcCu8 717298-TSM 401 Spray
Processing file 1npiXBcLz7lFv9w-yLrWQdJUjUhEzlqmt 717298-TSM 401 Spray.pdf
Retrieving folder 1h3jwYqRKEAO_qvNBb1cKDPtHp6b9ftey 717299-Silicone Spray LV
Processing file 1nS1p89Mr86IJF05l4Xu3ua6bkfyZyZ6i 717299-Silicone Spray LV.pdf
Retrieving folder 1CtK29Ptf2hgLdQ7wmOqAJ541gArehZ2N 717300-Silicone Spray
Processing file 10GOUm3k4QNBdlhbpwW1C2r0AERmiwIpb 717300-Silicone Spray.pdf
Retrieving folder 1XSILpu7Kw83OGDCCpsS0-ZKLvE30aWk8 717301-Multifunctional Spray
Processing file 1KBvdmL7LLIxDZ5jfxMxzbvfxMtHoFnfG 717301-Multifunctional Spray.pdf
Retrieving folder 1H0RO_N42tS5CtRmVssX0_D46s1HGRjw6 717302-Electro Contact Spray
Processing file 1JyRpy8IZLEVFRFlNz5kqKYD1fsa159-8 717302-Electro Contact Spray.pdf
Processing file 1S-IFXMZTk3b_d8ZLLEcGiqijWG2vT77c 717302-Electro Contact Spray.pdf
Retrieving folder 1Xby5zmbRrlz2YZ__DPjY8Ko7HOGnBOIe 717303-Grease Spray W
Processing file 1jKzw9gvA07fx7H1RACXiedaLp4_jEqpa 717303-Grease Spray W.pdf
Retrieving folder 1hdwvvY1U_tYSPbyM-k0FmZo4Az10bn_- 717304-Universal Cleaning Spray
Processing file 1rznIIrv47y81RJ_h3q1dfAvwLNkMc8Pk 717304-Universal Cleaning Spray.pdf
Retrieving folder 1r6nI7ltqLp54cjlVAqHimEnFP08M21Qv 717305-Pole Protection Spray
Processing file 1Mdh6yyMSBP1vXdt1coJB7rSs00O9uI0K 717305-Pole Protection Spray.pdf
Retrieving folder 1SFFq1JRfoRg_Tzt3xZ2L2jCtKffXdVbP 717306-FoodProof Cleaning Spray
Processing file 1vgHFX4kc4U0aVzZdHMSeA_VwEx3IBnYq 717306-FoodProof Cleaning Spray.pdf
Retrieving folder 15tNngzxr9FKbt_IbiDQgtTE3YeazeVGG 718010-Addiflon White Spray
Processing file 1zIDVTUeP5SXM21yDVOr77T3DU5o6Qb2I 718010-Addiflon White Spray.pdf
Retrieving folder 1IYuspSGT1elnTgC1nqlUX9TYJqsQWtvL 766028-Chain Lube XHT 3000 Spray
Processing file 19P4FtOf4lDM8FRkFlA865iOOQK8T22JF 766028-Chain Lube XHT 3000 Spray.pdf
Retrieving folder 1VtJf0jMneqsd4wm-7RRJvtI1UFToqfWk 773003-Care Protect
Processing file 1ZkRA-Ac_YavQxDaBn-AcYfEpN-5pfBQh 773003-Care Protect.pdf
Retrieving folder 1wXRklQg0P9ga4z0O_eTdyR3QPH649Ik1 773015-Welding Protection Spray
Processing file 1jNQd1W5wc7QW_DCkbbuJfWuUwaBCUcPU 773015-Welding Protection Spray.pdf
Retrieving folder 1qGpOT5tUvKaU7BxcQvBStAKZVUPAwSxT 777010-Weapon Oil W 18 Spray
Processing file 1ZfTLreHaq17t-kH8R4GUL8suRdP6V41s 777010-Weapon Oil W 18 Spray.pdf
Retrieving folder 1gC0ylR4b6Vu7dRi8POeR50sK3MYoZNvR 779019-WXA Spray
Processing file 1cKUIMWGcEmhKlFGUsRPYz9BndTEpecyi 779019-WXA Spray.pdf
Retrieving folder 1Lk207Eos5EYwAQl7Xc1tfUl8_BpF7hvv 71722230ml-Anti-Seize Paste GAL Spray
Processing file 14ogwgDjWmH_rWnaj1b7Yrwg_QFn-srbX 71722230ml-Anti-Seize Paste GAL Spray.pdf
Retrieving folder 1ijoAPhB4eD3FSwpYXEHQn-2VC9APs5qd 73605530-FoodProof XHF 460 S Spray
Processing file 1XKD3wVhy3fLtnYf6AzwR-a6k0J2tZ_RM 73605530-FoodProof XHF 460 S Spray.pdf
Retrieving folder 1kZdDK_dQM7z1KnrYPky5bmyNLbd2Leaa 76602530-Chain Lube XHT 250 Spray
Processing file 1Ow0BDL0iinxwdAXietgOnyXDi76w9Mjx 76602530-Chain Lube XHT 250 Spray.pdf
Retrieving folder 1mIucH32iv_8B_4SwI79wslFNbqnQfGae 77301630-Creep Oil Spray
Processing file 1wUEVJfSMS82cvWokEuR2cRVaitervEfP 77301630-Creep Oil Spray.pdf
Retrieving folder 1z8XZfXzPG07QppjcWR52PAE2PTdOKbPr Transformer oils
Retrieving folder 1ibdedF5ir0H6YoN1J9uDAzrc144JIpC0 762013-Transformer Oil TRF-GNX
Processing file 1FBQwQx21eg4Q8sWv5ncFKwLX0e-SHAqr 762013-Transformer Oil TRF-GNX.pdf
Retrieving folder 14MfmADUsEn4Jg-e4646XC0kHZu2PFLvU Turbine oils
Retrieving folder 1scYfm9KqBYrZyiAUGrzRbct9I1jRIVuY 761005-Turbine Oil TL 32
Processing file 1jpCB_2HTIc0BA3ihg2rHIhTh34LPZYbr 761005-Turbine Oil TL 32.pdf
Retrieving folder 1ackrwhy9nA4oKysIYt7TM_Z1Ya2empL8 761006-Turbine Oil TL 46
Processing file 1-fClLj4nenxLwHhbU-1WkEHM-n-YCaKC 761006-Turbine Oil TL 46.pdf
Retrieving folder 1yFdzhSv7QwqpbfLPQsLaEms15TdE74WW 761007-Turbine Oil TL 68
Processing file 1msmKo1Z8IsGewSosLRsz4XJ6W-tgeetH 761007-Turbine Oil TL 68.pdf
Retrieving folder 12ZEzKiaDNUWr37BEtSX5HjHBQJUAAkU1 761008-Turbine Oil TL 100
Processing file 1KNZmk5MwcbPMw9tbe8MY3veuJThOnRSe 761008-Turbine Oil TL 100.pdf
Retrieving folder 1OkGAZq72JVn9Gj22snMzj0PzszQlPt3a 761010-Turbine Oil TP 46
Processing file 188wY2DLahdMmyHC6RyIQZNk1z6S-r28I 761010-Turbine Oil TP 46.pdf
Retrieving folder 1SU5rz_csKkNJ02sEEZRxM-sGBHFSFJMS 761020-Turbine Oil MT 32
Processing file 1VKdzJtuRzxt-w-YraEjt9qKCNABRlw3Q 761020-Turbine Oil MT 32.pdf
Retrieving folder 1IykM841expwMSm6fClDnUw6XD9RhaIbs 761021-Turbine Oil MT 46
Processing file 13NQv8KzDOjR7b3pmvb6agpaCFss93ocC 761021-Turbine Oil MT 46.pdf
Retrieving folder 17SuRxzrBah1xcRUysmOIXpdq1ht6P49p 761022-Turbine Oil CA
Processing file 1nVw8z1TgXMN_JFza4CHYgMSo6pYA4stc 761022-Turbine Oil CA.pdf
Retrieving folder 1PP7Mjsch_cYqV4cKZsv1_G0WZZv9K3Y1 761023-Turbine Oil MT 68
Processing file 1fUgnZe4dyBvcm4OiGxgPrHvpxuDJ0j85 761023-Turbine Oil MT 68.pdf
Retrieving folder 1diEka_g6DNXLrT__5H7NEA5km8uhoSU2 Universal Tractor Oils
Retrieving folder 13IOSTv_By88hEzQm7xtwCw5tOIJhqMbS 722022-Super Traktor MU 1035
Processing file 1mWlXdlK3vaA7xXsuw9ntPsWZTF8c3JCR 722022-Super Traktor MU 1035.pdf
Retrieving folder 1cLrazWTqD55yrCzH8_4coxoCbipEpex3 722023-Super Tractor MU 1545
Processing file 127ZDM-eiUWCGtpp4vhxhsieIRsN-x72U 722023-Super Tractor MU 1545.pdf
Retrieving folder 12mFRbMj1Tcjn7gMCvgMeFyiw_N6p6j6S 722025-Super Tractor MU 1045
Processing file 1lZnkYNuF8ZbfIqCaSJhInJm83-K5iPMg 722025-Super Tractor MU 1045.pdf
Retrieving folder 1kh-zbTfDtAD0ZLjW6ok6HFpU-mom2WHq 743099-Fluid TO-4 SAE 10W
Processing file 1cJc0i5Y95_fBmE1qvL88bz6CbqoOuQRV 743099-Fluid TO-4 SAE 10W.pdf
Retrieving folder 1Yd6MFhT5g0Jdw4WHNLfkbTZSeet4818H 743100-Fluid TO-4 SAE 30
Processing file 1uAsINAZvEtvKPeXVUA-FSZeQ7GNTnekL 743100-Fluid TO-4 SAE 30.pdf
Retrieving folder 1MpZtkcwTzA3zTz5zQyw5aI3xyCs06dSO 743101-Fluid TO-4 SAE 50
Processing file 1Lg0vbYJq0oKgQ7AfGn_17XDNJQ2EqgsS 743101-Fluid TO-4 SAE 50.pdf
Retrieving folder 1OUkmn5JN7T11dgj1rX1tuSyQaOWUp-NR 744003-UTTO
Processing file 1vGAzg6FQEdLFG1o01532BRsUHwGR6_IV 744003-UTTO.pdf
Retrieving folder 1nF11GTcxJ80SPZNXteHfjO8RxzIjDuIe 744009-UTTO Extra
Processing file 1KkvhhEOKKvuCwn5KXn7FJQYRHw12dfY2 744009-UTTO Extra.pdf
Retrieving folder 1NWmTwwdqjqoVNAtkGMFZVJgmnHIFt9Go 744010-Universal Fluid 20W-40
Processing file 1aGJaTcDPyCuN_t1oryxy_dnl4XdxZUXE 744010-Universal Fluid 20W-40.pdf
Retrieving folder 1KjsHeRFvpIYREebMkeiGbagE44IfsSgS 744012-UTTO Plus
Processing file 1vNzny78vvp4EnNx6bXW1BtJppzp1yheG 744012-UTTO Plus.pdf
Retrieving folder 1aOOHBX_m7BDq8qptp8EfYosFCMVB11du Vacuum pump oil
Retrieving folder 1qrCg133HGl1AN2yF2GYKDnJjBwMi0s4x 757001-Vacuum Pump Oil XVR 110
Processing file 1SdT6tc12xme2xhPrP2c6QBEZ7dm0uVOV 757001-Vacuum Pump Oil XVR 110.pdf
  0%|          | 0.00/1.62M [00:00<?, ?B/s] 32%|███▏      | 524k/1.62M [00:00<00:01, 835kB/s] 65%|██████▍   | 1.05M/1.62M [00:01<00:00, 1.05MB/s] 97%|█████████▋| 1.57M/1.62M [00:01<00:00, 1.12MB/s]100%|██████████| 1.62M/1.62M [00:01<00:00, 1.09MB/s]
Downloading...
From: https://drive.google.com/uc?id=1tFCEuJmfw0ewTYK6-6kbbXy2VkuG1PVM
To: F:\imcan\lubricants\Startindustrialdesign-main\drive-root\Automotive transmission oils\721407-AquaPower Transmission Oil 75W-90\721407-AquaPower Transmission Oil 75W-90.pdf
  0%|          | 0.00/386k [00:00<?, ?B/s]100%|██████████| 386k/386k [00:05<00:00, 75.7kB/s]100%|██████████| 386k/386k [00:05<00:00, 75.7kB/s]
Downloading...
From: https://drive.google.com/uc?id=1ZAATNazL8hzz4NdaQz4F4CtCnvWoLOIA
To: F:\imcan\lubricants\Startindustrialdesign-main\drive-root\Automotive transmission oils\721407-AquaPower Transmission Oil 75W-90\نسخة من نسخة من نسخة من  gallon gear oıl 1.jpg
  0%|          | 0.00/4.05M [00:00<?, ?B/s] 13%|█▎        | 524k/4.05M [00:07<00:49, 71.7kB/s] 26%|██▌       | 1.05M/4.05M [00:10<00:27, 107kB/s] 39%|███▉      | 1.57M/4.05M [00:12<00:16, 149kB/s] 52%|█████▏    | 2.10M/4.05M [00:13<00:09, 195kB/s] 65%|██████▍   | 2.62M/4.05M [00:14<00:05, 245kB/s] 78%|███████▊  | 3.15M/4.05M [00:16<00:03, 288kB/s] 91%|█████████ | 3.67M/4.05M [00:16<00:01, 357kB/s]100%|██████████| 4.05M/4.05M [00:17<00:00, 434kB/s]100%|██████████| 4.05M/4.05M [00:17<00:00, 235kB/s]
Downloading...
From: https://drive.google.com/uc?id=19U2KprD9gdSzTeiX7fC_vt2Iw9n_0Y5m
To: F:\imcan\lubricants\Startindustrialdesign-main\drive-root\Automotive transmission oils\721407-AquaPower Transmission Oil 75W-90\نسخة من نسخة من نسخة من  gallon gear oıl.jpg
  0%|          | 0.00/1.04M [00:00<?, ?B/s] 51%|█████     | 524k/1.04M [00:00<00:00, 1.57MB/s]100%|██████████| 1.04M/1.04M [00:00<00:00, 2.24MB/s]100%|██████████| 1.04M/1.04M [00:00<00:00, 2.10MB/s]
Downloading...
From: https://drive.google.com/uc?id=10DpXs9zEjQKJh9ZUPiK75lpw5R2SBxgp
To: F:\imcan\lubricants\Startindustrialdesign-main\drive-root\Automotive transmission oils\721407-AquaPower Transmission Oil 75W-90\نسخة من نسخة من نسخة من 19 (2).jpg
  0%|          | 0.00/1.59M [00:00<?, ?B/s] 33%|███▎      | 524k/1.59M [00:00<00:00, 1.89MB/s] 66%|██████▌   | 1.05M/1.59M [00:00<00:00, 2.72MB/s] 99%|█████████▊| 1.57M/1.59M [00:00<00:00, 3.05MB/s]100%|██████████| 1.59M/1.59M [00:00<00:00, 2.85MB/s]
Downloading...
From: https://drive.google.com/uc?id=1uzVdeqxZlLqic5RHu2TJM1M54_yLdN41
To: F:\imcan\lubricants\Startindustrialdesign-main\drive-root\Automotive transmission oils\721407-AquaPower Transmission Oil 75W-90\نسخة من نسخة من نسخة من Drum.png
  0%|          | 0.00/3.78M [00:00<?, ?B/s] 14%|█▍        | 524k/3.78M [00:00<00:01, 1.67MB/s] 28%|██▊       | 1.05M/3.78M [00:00<00:01, 2.62MB/s] 42%|████▏     | 1.57M/3.78M [00:00<00:00, 2.94MB/s] 55%|█████▌    | 2.10M/3.78M [00:00<00:00, 2.99MB/s] 69%|██████▉   | 2.62M/3.78M [00:00<00:00, 3.14MB/s] 83%|████████▎ | 3.15M/3.78M [00:01<00:00, 3.30MB/s] 97%|█████████▋| 3.67M/3.78M [00:01<00:00, 3.52MB/s]100%|██████████| 3.78M/3.78M [00:01<00:00, 3.12MB/s]
Downloading...
From: https://drive.google.com/uc?id=1M4ExEgV-HPyo18oVSo5gekuYF3z9b5ih
To: F:\imcan\lubricants\Startindustrialdesign-main\drive-root\Automotive transmission oils\735032- AHF 22 S\19 (1).jpg
  0%|          | 0.00/1.62M [00:00<?, ?B/s] 32%|███▏      | 524k/1.62M [00:00<00:00, 1.55MB/s] 65%|██████▍   | 1.05M/1.62M [00:00<00:00, 2.16MB/s] 97%|█████████▋| 1.57M/1.62M [00:00<00:00, 2.26MB/s]100%|██████████| 1.62M/1.62M [00:00<00:00, 2.20MB/s]
Downloading...
From: https://drive.google.com/uc?id=1-tOcFnuxr2ckE4AtKlN9PbrhzbNWoZ8v
To: F:\imcan\lubricants\Startindustrialdesign-main\drive-root\Automotive transmission oils\735032- AHF 22 S\735032- AHF 22 S.pdf
  0%|          | 0.00/312k [00:00<?, ?B/s]100%|██████████| 312k/312k [00:00<00:00, 1.29MB/s]100%|██████████| 312k/312k [00:00<00:00, 1.28MB/s]
Downloading...
From: https://drive.google.com/uc?id=1FArjMHFwxHlQoxEb-h2uYUnneHplIQix
To: F:\imcan\lubricants\Startindustrialdesign-main\drive-root\Automotive transmission oils\735032- AHF 22 S\نسخة من نسخة من نسخة من نسخة من  gallon gear oıl 1.jpg
  0%|          | 0.00/4.05M [00:00<?, ?B/s] 13%|█▎        | 524k/4.05M [00:00<00:02, 1.24MB/s] 26%|██▌       | 1.05M/4.05M [00:00<00:01, 1.87MB/s] 39%|███▉      | 1.57M/4.05M [00:00<00:01, 2.45MB/s] 52%|█████▏    | 2.10M/4.05M [00:00<00:00, 2.85MB/s] 65%|██████▍   | 2.62M/4.05M [00:00<00:00, 3.27MB/s] 78%|███████▊  | 3.15M/4.05M [00:01<00:00, 3.43MB/s] 91%|█████████ | 3.67M/4.05M [00:01<00:00, 3.64MB/s]100%|██████████| 4.05M/4.05M [00:01<00:00, 2.88MB/s]
Downloading...
From: https://drive.google.com/uc?id=1spjKORcmbitsV4yqQifzeUGGMoAE5HRx
To: F:\imcan\lubricants\Startindustrialdesign-main\drive-root\Automotive transmission oils\735032- AHF 22 S\نسخة من نسخة من نسخة من نسخة من  gallon gear oıl.jpg
  0%|          | 0.00/1.04M [00:00<?, ?B/s] 51%|█████     | 524k/1.04M [00:00<00:00, 1.34MB/s]100%|██████████| 1.04M/1.04M [00:00<00:00, 2.06MB/s]100%|██████████| 1.04M/1.04M [00:00<00:00, 1.90MB/s]
Downloading...
From: https://drive.google.com/uc?id=1UR-Fw6pf4d19QIhIt3MwzpymTFRCV-ru
To: F:\imcan\lubricants\Startindustrialdesign-main\drive-root\Automotive transmission oils\735032- AHF 22 S\نسخة من نسخة من نسخة من نسخة من 19 (2).jpg
  0%|          | 0.00/1.59M [00:00<?, ?B/s] 33%|███▎      | 524k/1.59M [00:00<00:00, 1.54MB/s] 66%|██████▌   | 1.05M/1.59M [00:00<00:00, 2.18MB/s] 99%|█████████▊| 1.57M/1.59M [00:00<00:00, 2.37MB/s]100%|██████████| 1.59M/1.59M [00:00<00:00, 2.24MB/s]
Downloading...
From: https://drive.google.com/uc?id=198a_JA_4Unbh_L5bIKniMOGp4SNA-OF2
To: F:\imcan\lubricants\Startindustrialdesign-main\drive-root\Automotive transmission oils\735032- AHF 22 S\نسخة من نسخة من نسخة من نسخة من Drum.png
  0%|          | 0.00/3.78M [00:00<?, ?B/s] 14%|█▍        | 524k/3.78M [00:00<00:02, 1.36MB/s] 28%|██▊       | 1.05M/3.78M [00:00<00:01, 2.05MB/s] 42%|████▏     | 1.57M/3.78M [00:00<00:00, 2.33MB/s] 55%|█████▌    | 2.10M/3.78M [00:00<00:00, 2.76MB/s] 69%|██████▉   | 2.62M/3.78M [00:01<00:00, 3.07MB/s] 83%|████████▎ | 3.15M/3.78M [00:01<00:00, 2.36MB/s]100%|██████████| 3.78M/3.78M [00:01<00:00, 2.78MB/s]
Downloading...
From: https://drive.google.com/uc?id=1poTyTs8o9EgnJwebIkBv7RJLW3py5cEJ
To: F:\imcan\lubricants\Startindustrialdesign-main\drive-root\Automotive transmission oils\742001-Transmission Oil GS 80W\19 (1).jpg
  0%|          | 0.00/1.62M [00:00<?, ?B/s] 32%|███▏      | 524k/1.62M [00:00<00:00, 1.58MB/s] 65%|██████▍   | 1.05M/1.62M [00:00<00:00, 2.15MB/s] 97%|█████████▋| 1.57M/1.62M [00:00<00:00, 2.70MB/s]100%|██████████| 1.62M/1.62M [00:00<00:00, 2.48MB/s]
Downloading...
From: https://drive.google.com/uc?id=11duwERaXAlSGz5JLbL4klHCWpVQ5Me5w
To: F:\imcan\lubricants\Startindustrialdesign-main\drive-root\Automotive transmission oils\742001-Transmission Oil GS 80W\742001-Transmission Oil GS 80W.pdf
  0%|          | 0.00/327k [00:00<?, ?B/s]100%|██████████| 327k/327k [00:00<00:00, 1.42MB/s]100%|██████████| 327k/327k [00:00<00:00, 1.42MB/s]
Downloading...
From: https://drive.google.com/uc?id=1hDghsTOcH5ZDUKGtDzZt1ZXm1xAT2IUo
To: F:\imcan\lubricants\Startindustrialdesign-main\drive-root\Automotive transmission oils\742001-Transmission Oil GS 80W\نسخة من نسخة من نسخة من  gallon gear oıl 1.jpg
  0%|          | 0.00/4.05M [00:00<?, ?B/s] 13%|█▎        | 524k/4.05M [00:00<00:02, 1.63MB/s] 26%|██▌       | 1.05M/4.05M [00:00<00:01, 2.20MB/s] 39%|███▉      | 1.57M/4.05M [00:00<00:00, 2.66MB/s] 52%|█████▏    | 2.10M/4.05M [00:00<00:00, 2.99MB/s] 65%|██████▍   | 2.62M/4.05M [00:00<00:00, 3.00MB/s] 78%|███████▊  | 3.15M/4.05M [00:01<00:00, 3.25MB/s] 91%|█████████ | 3.67M/4.05M [00:01<00:00, 3.03MB/s]100%|██████████| 4.05M/4.05M [00:01<00:00, 3.09MB/s]100%|██████████| 4.05M/4.05M [00:01<00:00, 2.86MB/s]
Downloading...
From: https://drive.google.com/uc?id=1oAiJw5-mMxKq_R5qEQJfWHHqQ0JPM36V
To: F:\imcan\lubricants\Startindustrialdesign-main\drive-root\Automotive transmission oils\742001-Transmission Oil GS 80W\نسخة من نسخة من نسخة من  gallon gear oıl.jpg
  0%|          | 0.00/1.04M [00:00<?, ?B/s] 51%|█████     | 524k/1.04M [00:00<00:00, 1.46MB/s]100%|██████████| 1.04M/1.04M [00:00<00:00, 1.94MB/s]100%|██████████| 1.04M/1.04M [00:00<00:00, 1.84MB/s]
Error:

	HTTPSConnectionPool(host='doc-0o-88-docs.googleusercontent.com',
	port=443): Max retries exceeded with url: /docs/securesc/ha0ro937gcuc7
	l7deffksulhg5h7mbp1/od15lvq95elqj67t1f01lr83j9e08e63/1780261350000/105
	91750428479346414/*/1fJksIbQzipRxL6Y_enC_lgi_SKJ5nmoL?uuid=943ecce5-11
	58-474f-9a8e-4012e69a67d7 (Caused by NewConnectionError("HTTPSConnecti
	on(host='doc-0o-88-docs.googleusercontent.com', port=443): Failed to
	establish a new connection: [WinError 10060] A connection attempt
	failed because the connected party did not properly respond after a
	period of time, or established connection failed because connected
	host has failed to respond"))

To report issues, please visit https://github.com/wkentaro/gdown/issues.
